<?xml version="1.0" encoding="utf-8"?><Category id="crid:~~2F~~2Fschange.com~~2Fe48c9ae7-c69d-4017-992b-66400d123ede" xmlns="urn:eventis:traxisweb:1.0"><Name>NEW_UI_Kids</Name><ChildCategories resultCount="6"><Category id="crid:~~2F~~2Fschange.com~~2Fdc697936-3694-4dbc-8606-b50ab56f872e"><Name>Inicio</Name><ChildCategories resultCount="8"><Category id="crid:~~2F~~2Fschange.com~~2F2f8e69f8-ec30-475a-8ffc-b2e2dce9d45b"><Name>Destacamos</Name><TitleCount>4</TitleCount><SeriesCollection resultCount="2"><Series id="crid:~~2F~~2Fschange.com~~2F9e61e6db-42b9-4023-927a-da1d316a6821"><Name>PAW Patrol: Patrulla de Cachorros</Name><ChildSeriesCollection resultCount="2"><Series id="crid:~~2F~~2Fschange.com~~2F3bc550d5-3937-4395-8508-ef0791c6e43c"><Name>Season 1</Name><TitleCount>14</TitleCount></Series><Series id="crid:~~2F~~2Fschange.com~~2Fbbb87598-a032-4a4f-a901-c5ccf255b438"><Name>Season 2</Name><TitleCount>26</TitleCount></Series></ChildSeriesCollection></Series><Series id="crid:~~2F~~2Fschange.com~~2F12066889-c633-450e-b287-4aab1afd6015"><Name>¡Oye Arnold!</Name><ChildSeriesCollection resultCount="2"><Series id="crid:~~2F~~2Fschange.com~~2Fc1f4bf73-5ca6-4d26-9a9d-d9730855291f"><Name>Season 1</Name><TitleCount>30</TitleCount></Series><Series id="crid:~~2F~~2Fschange.com~~2F3474b0db-153f-42e1-a2a8-693f43449468"><Name>Season 2</Name><TitleCount>27</TitleCount></Series></ChildSeriesCollection></Series></SeriesCollection></Category><Category id="crid:~~2F~~2Fschange.com~~2F40ba8ef7-bf8c-4dd9-b12f-fe7d5ca1cc90"><Name>Una Hora con:</Name><ChildCategories resultCount="4"><Category id="crid:~~2F~~2Fschange.com~~2Fab775386-232c-4cad-86a5-2f3ecd7608be"><Name>Peppa Pig</Name><TitleCount>0</TitleCount><SeriesCollection resultCount="1"><Series id="crid:~~2F~~2Fschange.com~~2Fe233a570-a852-4b6e-8c86-440a632e828a"><Name>Peppa Pig</Name><ChildSeriesCollection resultCount="1"><Series id="crid:~~2F~~2Fschange.com~~2F2b0ff41d-dd83-4538-a884-29d2d07cdc25"><Name>Season 2</Name><TitleCount>54</TitleCount></Series></ChildSeriesCollection></Series></SeriesCollection></Category><Category id="crid:~~2F~~2Fschange.com~~2F95fe7a4e-b0c3-4a05-bb7a-c69e35e56496"><Name>Perro chocolo</Name><TitleCount>2</TitleCount><SeriesCollection resultCount="1"><Series id="crid:~~2F~~2Fschange.com~~2F9afb5e82-848a-40e8-9135-b6d7d0849588"><Name>Canciones del Perro Chocolo</Name><ChildSeriesCollection resultCount="1"><Series id="crid:~~2F~~2Fschange.com~~2Fbd6a473e-2bdb-4e6c-b41a-74f0d57da433"><Name>Season 1</Name><TitleCount>5</TitleCount></Series></ChildSeriesCollection></Series></SeriesCollection></Category><Category id="crid:~~2F~~2Fschange.com~~2Fdb844afe-df67-435e-8970-29b42d4f7db5"><Name>Minibeat Power Rockers</Name><TitleCount>0</TitleCount><SeriesCollection resultCount="1"><Series id="crid:~~2F~~2Fschange.com~~2F7b02e3f3-d6e7-424d-b433-377627220fd0"><Name>Mini Beat Power Rockers</Name><ChildSeriesCollection resultCount="2"><Series id="crid:~~2F~~2Fschange.com~~2Fc65e2a1b-cf82-49e1-87ad-075a4dec3f8c"><Name>Season 1</Name><TitleCount>31</TitleCount></Series><Series id="crid:~~2F~~2Fschange.com~~2F942843b3-0262-46a1-ab2c-f943b6199b3b"><Name>Season 2</Name><TitleCount>7</TitleCount></Series></ChildSeriesCollection></Series></SeriesCollection></Category><Category id="crid:~~2F~~2Fschange.com~~2Fa755618f-4cdb-439d-9926-3bbe69d294c6"><Name>31 Minutos</Name><TitleCount>0</TitleCount><SeriesCollection resultCount="1"><Series id="crid:~~2F~~2Fschange.com~~2F044d9bb3-aec8-4950-985b-3a02234ea533"><Name>31 Minutos</Name><ChildSeriesCollection resultCount="4"><Series id="crid:~~2F~~2Fschange.com~~2F554632a0-7577-4ffc-9ec8-b22e8d22a459"><Name>Season 1</Name><TitleCount>19</TitleCount></Series><Series id="crid:~~2F~~2Fschange.com~~2Fb52fdcfe-314f-49bf-ad8b-7cb06e9de2df"><Name>Season 2</Name><TitleCount>12</TitleCount></Series><Series id="crid:~~2F~~2Fschange.com~~2F57fd8bef-ffea-4792-9577-ac83aac9e349"><Name>Season 3</Name><TitleCount>13</TitleCount></Series><Series id="crid:~~2F~~2Fschange.com~~2F3b6f9200-a2f6-453b-8218-beb62c66c82d"><Name>Season 4</Name><TitleCount>7</TitleCount></Series></ChildSeriesCollection></Series></SeriesCollection></Category></ChildCategories><TitleCount>7</TitleCount></Category><Category id="crid:~~2F~~2Fschange.com~~2F4a9af85c-c380-48d5-8b25-6fb30f662b4b"><Name>Los más populares</Name><TitleCount>0</TitleCount><SeriesCollection resultCount="4"><Series id="crid:~~2F~~2Fschange.com~~2F0667fa02-84c0-48a7-ae7d-1433cde573a6"><Name>Bob Esponja</Name><ChildSeriesCollection resultCount="1"><Series id="crid:~~2F~~2Fschange.com~~2Fbdf71ff4-1e8a-492b-86a2-0d8b48f66fd4"><Name>Season 9</Name><TitleCount>26</TitleCount></Series></ChildSeriesCollection></Series><Series id="crid:~~2F~~2Fschange.com~~2F4f8dc5c3-ba60-4561-aba2-3794b5bb2315"><Name>Breadwinners</Name><ChildSeriesCollection resultCount="2"><Series id="crid:~~2F~~2Fschange.com~~2F7b22c757-15fe-4e47-adad-e29acff15d51"><Name>Season 1</Name><TitleCount>20</TitleCount></Series><Series id="crid:~~2F~~2Fschange.com~~2F2cd5d2bf-e6a5-4e22-bbee-ba5e34150dca"><Name>Season 2</Name><TitleCount>26</TitleCount></Series></ChildSeriesCollection></Series><Series id="crid:~~2F~~2Fschange.com~~2F69433fab-3ccd-4f3c-95b6-440a77e9b206"><Name>Doraemon</Name><ChildSeriesCollection resultCount="1"><Series id="crid:~~2F~~2Fschange.com~~2F09e57dfa-4f22-4f16-adca-ff24bb3abd7b"><Name>Season 1</Name><TitleCount>99</TitleCount></Series></ChildSeriesCollection></Series><Series id="crid:~~2F~~2Fschange.com~~2Fa50d4920-c4bd-48d5-906e-475b0cfe8a4f"><Name>Escandalosos</Name><ChildSeriesCollection resultCount="2"><Series id="crid:~~2F~~2Fschange.com~~2F65e843a2-6f5c-4f7d-85bb-91fbd562b2e7"><Name>Season 3</Name><TitleCount>1</TitleCount></Series><Series id="crid:~~2F~~2Fschange.com~~2F9e914fc3-d99b-4728-82dd-e106ff356f09"><Name>Season 4</Name><TitleCount>1</TitleCount></Series></ChildSeriesCollection></Series></SeriesCollection></Category><Category id="crid:~~2F~~2Fschange.com~~2F93797eb7-ad89-4cae-9978-c53ecc9e5bf7"><Name>Canales TV</Name><ChildCategories resultCount="5"><Category id="crid:~~2F~~2Fschange.com~~2F2084ef06-4eac-4666-9ced-7fdaa7d609d8"><Name>Cartoon Network</Name><ChildCategories resultCount="1"><Category id="crid:~~2F~~2Fschange.com~~2F6610ad33-f7f7-4bae-87bb-eb7633660ed0"><Name>Destacamos</Name><TitleCount>5</TitleCount></Category></ChildCategories><TitleCount>0</TitleCount></Category><Category id="crid:~~2F~~2Fschange.com~~2Fce0b4a42-ec8c-4d18-9dba-ce9fbcb3ef83"><Name>Discovery Kids</Name><ChildCategories resultCount="1"><Category id="crid:~~2F~~2Fschange.com~~2F850781e6-249c-4b89-8173-6d05921cdc72"><Name>Destacamos</Name><TitleCount>10</TitleCount></Category></ChildCategories><TitleCount>0</TitleCount></Category><Category id="crid:~~2F~~2Fschange.com~~2F1d33042d-10cb-4a79-a135-63871a67e3a4"><Name>Nickelodeon</Name><ChildCategories resultCount="1"><Category id="crid:~~2F~~2Fschange.com~~2F1ceeca6c-1527-4411-bc99-b8286bddf248"><Name>Destacamos</Name><TitleCount>4</TitleCount></Category></ChildCategories><TitleCount>0</TitleCount></Category><Category id="crid:~~2F~~2Fschange.com~~2F3531753c-3f57-4eac-abad-c4a181098d0a"><Name>Nat Geo Kids</Name><ChildCategories resultCount="1"><Category id="crid:~~2F~~2Fschange.com~~2Fd7667cb1-9780-49fb-a23e-4baef116593e"><Name>Destacamos</Name><TitleCount>5</TitleCount></Category></ChildCategories><TitleCount>0</TitleCount></Category><Category id="crid:~~2F~~2Fschange.com~~2F89ae7811-b62c-4b20-96a2-9475420eaebd"><Name>Disney</Name><ChildCategories resultCount="1"><Category id="crid:~~2F~~2Fschange.com~~2Fc849feb8-1323-48fd-adfe-c2107d7241ec"><Name>Destacamos</Name><TitleCount>3</TitleCount></Category></ChildCategories><TitleCount>0</TitleCount></Category></ChildCategories><TitleCount>0</TitleCount></Category><Category id="crid:~~2F~~2Fschange.com~~2Fa96c9447-2bb0-4ec4-9539-268d2819f7fa"><Name>Familiar</Name><TitleCount>74</TitleCount></Category><Category id="crid:~~2F~~2Fschange.com~~2Fdcb4138e-b011-4209-8ed0-d5512656d4f7"><Name>Preescolar</Name><TitleCount>21</TitleCount><SeriesCollection resultCount="36"><Series id="crid:~~2F~~2Fschange.com~~2F9e61e6db-42b9-4023-927a-da1d316a6821"><Name>PAW Patrol: Patrulla de Cachorros</Name><ChildSeriesCollection resultCount="2"><Series id="crid:~~2F~~2Fschange.com~~2F3bc550d5-3937-4395-8508-ef0791c6e43c"><Name>Season 1</Name><TitleCount>14</TitleCount></Series><Series id="crid:~~2F~~2Fschange.com~~2Fbbb87598-a032-4a4f-a901-c5ccf255b438"><Name>Season 2</Name><TitleCount>26</TitleCount></Series></ChildSeriesCollection></Series><Series id="crid:~~2F~~2Fschange.com~~2Fc36a9de6-def1-4ee8-8ecd-8cbce7c26b53"><Name>Canciones de la Granja</Name><ChildSeriesCollection resultCount="2"><Series id="crid:~~2F~~2Fschange.com~~2F2bac2347-536f-4032-b537-6c252ba35b7c"><Name>Season 1</Name><TitleCount>20</TitleCount></Series><Series id="crid:~~2F~~2Fschange.com~~2F4fe708ed-15ea-425b-a7d8-f76f470bec0d"><Name>Season 2</Name><TitleCount>23</TitleCount></Series></ChildSeriesCollection></Series><Series id="crid:~~2F~~2Fschange.com~~2Fe233a570-a852-4b6e-8c86-440a632e828a"><Name>Peppa Pig</Name><ChildSeriesCollection resultCount="1"><Series id="crid:~~2F~~2Fschange.com~~2F2b0ff41d-dd83-4538-a884-29d2d07cdc25"><Name>Season 2</Name><TitleCount>54</TitleCount></Series></ChildSeriesCollection></Series><Series id="crid:~~2F~~2Fschange.com~~2Ff70a39e9-873d-4ec9-b95b-d9871052ab27"><Name>Paco el Marinero</Name><ChildSeriesCollection resultCount="1"><Series id="crid:~~2F~~2Fschange.com~~2F1e55241c-a9f1-4dd6-a584-84ba4116ac70"><Name>Season 1</Name><TitleCount>23</TitleCount></Series></ChildSeriesCollection></Series><Series id="crid:~~2F~~2Fschange.com~~2F212f4fd9-3cf5-49bd-b22b-2c657ef37510"><Name>Rondas y Clásicos Infantiles</Name><ChildSeriesCollection resultCount="1"><Series id="crid:~~2F~~2Fschange.com~~2Fd8a74bae-0146-498f-ae3e-b21aef79af6f"><Name>Season 1</Name><TitleCount>11</TitleCount></Series></ChildSeriesCollection></Series><Series id="crid:~~2F~~2Fschange.com~~2Feb2d7a05-5fc1-46ce-ad57-1506f97d07d0"><Name>Hi-5 Fiesta</Name><ChildSeriesCollection resultCount="2"><Series id="crid:~~2F~~2Fschange.com~~2F7a4af7b0-6b99-4192-ab25-98ce3ad4c8ff"><Name>Season 1</Name><TitleCount>25</TitleCount></Series><Series id="crid:~~2F~~2Fschange.com~~2F46fc672a-8dfb-45c0-9d69-e87896112b26"><Name>Season 2</Name><TitleCount>25</TitleCount></Series></ChildSeriesCollection></Series><Series id="crid:~~2F~~2Fschange.com~~2F3fbe0cd4-a067-4a17-b39a-dca974e5a775"><Name>Hey Duggee</Name><ChildSeriesCollection resultCount="1"><Series id="crid:~~2F~~2Fschange.com~~2F4e1c5753-b878-4ee4-9ac3-b964392ceea3"><Name>Season 2</Name><TitleCount>49</TitleCount></Series></ChildSeriesCollection></Series><Series id="crid:~~2F~~2Fschange.com~~2Fc42a641f-ea20-447a-a252-03f970a925b1"><Name>Charlie &amp; Lola</Name><ChildSeriesCollection resultCount="2"><Series id="crid:~~2F~~2Fschange.com~~2Fede30b05-77e2-443e-b19c-1f0b920f2e3b"><Name>Season 2</Name><TitleCount>0</TitleCount></Series><Series id="crid:~~2F~~2Fschange.com~~2Fa42ee5e7-bcb3-45bc-9882-7861f315baac"><Name>Season 3</Name><TitleCount>0</TitleCount></Series></ChildSeriesCollection></Series><Series id="crid:~~2F~~2Fschange.com~~2F7b02e3f3-d6e7-424d-b433-377627220fd0"><Name>Mini Beat Power Rockers</Name><ChildSeriesCollection resultCount="2"><Series id="crid:~~2F~~2Fschange.com~~2Fc65e2a1b-cf82-49e1-87ad-075a4dec3f8c"><Name>Season 1</Name><TitleCount>31</TitleCount></Series><Series id="crid:~~2F~~2Fschange.com~~2F942843b3-0262-46a1-ab2c-f943b6199b3b"><Name>Season 2</Name><TitleCount>7</TitleCount></Series></ChildSeriesCollection></Series><Series id="crid:~~2F~~2Fschange.com~~2F5009335f-f034-4e8e-ae89-1d66c558c922"><Name>Pocoyo</Name><ChildSeriesCollection resultCount="2"><Series id="crid:~~2F~~2Fschange.com~~2F471b352c-081b-4b42-bae7-fd93e29585af"><Name>Season 2</Name><TitleCount>26</TitleCount></Series><Series id="crid:~~2F~~2Fschange.com~~2F63a7988c-b7a9-401a-8b2b-625b8b1ad25c"><Name>Season 3</Name><TitleCount>104</TitleCount></Series></ChildSeriesCollection></Series><Series id="crid:~~2F~~2Fschange.com~~2F7f328272-056a-41c3-a96c-31442eca7e89"><Name>Dora La Exploradora</Name><ChildSeriesCollection resultCount="1"><Series id="crid:~~2F~~2Fschange.com~~2F66eac9f9-3e00-4d19-b212-f77d5aeee04b"><Name>Season 7</Name><TitleCount>28</TitleCount></Series></ChildSeriesCollection></Series><Series id="crid:~~2F~~2Fschange.com~~2F97332cb7-80f2-444f-adc9-cd910b4c4980"><Name>Yo Canto Y Juego</Name><ChildSeriesCollection resultCount="1"><Series id="crid:~~2F~~2Fschange.com~~2Fb339f2be-866a-48b1-9403-c1ae66a195e3"><Name>Season 1</Name><TitleCount>12</TitleCount></Series></ChildSeriesCollection></Series><Series id="crid:~~2F~~2Fschange.com~~2F5eb32c4c-5639-452f-86c0-8b56bd1a3101"><Name>Dorothy y el mago de Oz</Name><ChildSeriesCollection resultCount="2"><Series id="crid:~~2F~~2Fschange.com~~2F7c1549dc-ae03-4142-847b-e20ba4a94565"><Name>Season 1</Name><TitleCount>3</TitleCount></Series><Series id="crid:~~2F~~2Fschange.com~~2F26dd2411-efbb-4bf7-a063-35ed35183323"><Name>Season 2</Name><TitleCount>1</TitleCount></Series></ChildSeriesCollection></Series><Series id="crid:~~2F~~2Fschange.com~~2Fe30a4e88-bdd6-4d20-834b-5af4b43ca893"><Name>El Pollito Pío</Name><ChildSeriesCollection resultCount="1"><Series id="crid:~~2F~~2Fschange.com~~2F77c69991-b0d4-4a8e-9ea8-ec4e8fc9387d"><Name>Season 1</Name><TitleCount>11</TitleCount></Series></ChildSeriesCollection></Series><Series id="crid:~~2F~~2Fschange.com~~2F48dde8df-720d-424f-80af-f5af00c4a6fc"><Name>Blaze y Los Monster Machines</Name><ChildSeriesCollection resultCount="1"><Series id="crid:~~2F~~2Fschange.com~~2Fde48f4b4-972d-411e-b0c9-e89311fd91e5"><Name>Season 3</Name><TitleCount>19</TitleCount></Series></ChildSeriesCollection></Series><Series id="crid:~~2F~~2Fschange.com~~2F091f547b-b259-475e-8d49-3493e8f279f6"><Name>Oddbods</Name><ChildSeriesCollection resultCount="1"><Series id="crid:~~2F~~2Fschange.com~~2F7a534b2f-92f4-435a-9b19-6878893c15ab"><Name>Season 1</Name><TitleCount>20</TitleCount></Series></ChildSeriesCollection></Series><Series id="crid:~~2F~~2Fschange.com~~2F9afb5e82-848a-40e8-9135-b6d7d0849588"><Name>Canciones del Perro Chocolo</Name><ChildSeriesCollection resultCount="1"><Series id="crid:~~2F~~2Fschange.com~~2Fbd6a473e-2bdb-4e6c-b41a-74f0d57da433"><Name>Season 1</Name><TitleCount>5</TitleCount></Series></ChildSeriesCollection></Series><Series id="crid:~~2F~~2Fschange.com~~2F00a5b26c-07b1-4182-8028-20a13c89a38d"><Name>Mazapan Animado</Name><ChildSeriesCollection resultCount="1"><Series id="crid:~~2F~~2Fschange.com~~2F3f9a9dd2-3720-4a2c-b656-de60c119b8c7"><Name>Season 1</Name><TitleCount>28</TitleCount></Series></ChildSeriesCollection></Series><Series id="crid:~~2F~~2Fschange.com~~2Fe838a5cd-a3cd-4dce-ac8f-fc26305cfeba"><Name>Top Wing</Name><ChildSeriesCollection resultCount="1"><Series id="crid:~~2F~~2Fschange.com~~2Fd89a89dc-af6f-454b-9ed2-e2081d06ca31"><Name>Season 1</Name><TitleCount>26</TitleCount></Series></ChildSeriesCollection></Series><Series id="crid:~~2F~~2Fschange.com~~2Ff25af097-d3e8-40b5-b91f-ca322968d449"><Name>Jorge el Curioso</Name><ChildSeriesCollection resultCount="4"><Series id="crid:~~2F~~2Fschange.com~~2F0a8ae8bc-2c92-467d-a9ea-bfdf1b2ec6a3"><Name>Season 7</Name><TitleCount>12</TitleCount></Series><Series id="crid:~~2F~~2Fschange.com~~2Fb7209ac8-2e66-4816-a5db-f7643b32caa7"><Name>Season 8</Name><TitleCount>12</TitleCount></Series><Series id="crid:~~2F~~2Fschange.com~~2F9a38e23e-5a11-4e46-8eb2-e59f8be1c1fa"><Name>Season 9</Name><TitleCount>12</TitleCount></Series><Series id="crid:~~2F~~2Fschange.com~~2F1a6596f0-fb17-4433-9a44-ea9567decf0d"><Name>Season 10</Name><TitleCount>30</TitleCount></Series></ChildSeriesCollection></Series><Series id="crid:~~2F~~2Fschange.com~~2Feb2219eb-4743-48f6-918e-06cb3e736510"><Name>Las aventuras de los Boonie Bears</Name><ChildSeriesCollection resultCount="1"><Series id="crid:~~2F~~2Fschange.com~~2Fe3aa0f96-23b9-4aee-a9aa-65ef43abf989"><Name>Season 1</Name><TitleCount>5</TitleCount></Series></ChildSeriesCollection></Series><Series id="crid:~~2F~~2Fschange.com~~2Ff50ef201-a442-4ee6-a644-78cfaecf7bf8"><Name>NatuGato</Name><ChildSeriesCollection resultCount="1"><Series id="crid:~~2F~~2Fschange.com~~2F28cd183e-1d7b-4c3a-8fbb-a310358fc2fe"><Name>Season 1</Name><TitleCount>26</TitleCount></Series></ChildSeriesCollection></Series><Series id="crid:~~2F~~2Fschange.com~~2Fcd10addf-c948-4b34-af4c-a6852d7e9c6a"><Name>Exploradores Espaciales</Name><ChildSeriesCollection resultCount="3"><Series id="crid:~~2F~~2Fschange.com~~2F60c7942a-3302-487a-9108-953bc0578a4c"><Name>Season 1</Name><TitleCount>8</TitleCount></Series><Series id="crid:~~2F~~2Fschange.com~~2Fe92bfb90-4598-4416-99f2-54e90ed2fb41"><Name>Season 2</Name><TitleCount>47</TitleCount></Series><Series id="crid:~~2F~~2Fschange.com~~2F71746e60-b3ed-412b-bfdb-b8325c119877"><Name>Season 2</Name><TitleCount>1</TitleCount></Series></ChildSeriesCollection></Series><Series id="crid:~~2F~~2Fschange.com~~2F232aa3a9-8e12-4bd9-a30a-ed157d2bcdde"><Name>Gallina Pintadita Collections</Name><ChildSeriesCollection resultCount="3"><Series id="crid:~~2F~~2Fschange.com~~2F27b67dfd-6350-4e05-82fa-25caf1ad8a93"><Name>Season 1</Name><TitleCount>9</TitleCount></Series><Series id="crid:~~2F~~2Fschange.com~~2F20244466-05af-4765-bd94-fb078b929b77"><Name>Season 2</Name><TitleCount>20</TitleCount></Series><Series id="crid:~~2F~~2Fschange.com~~2F1c1eb477-da4c-4829-a3ef-8426e97d043f"><Name>Season 2</Name><TitleCount>54</TitleCount></Series></ChildSeriesCollection></Series><Series id="crid:~~2F~~2Fschange.com~~2F1cb3df35-00f2-4299-8b76-ee25531f13e3"><Name>Shimmer y Shine</Name><ChildSeriesCollection resultCount="1"><Series id="crid:~~2F~~2Fschange.com~~2Fd414f773-8ebe-44dc-bdfa-3a1e0486611c"><Name>Season 3</Name><TitleCount>20</TitleCount></Series></ChildSeriesCollection></Series><Series id="crid:~~2F~~2Fschange.com~~2Ffa128912-2d7f-4c34-a4aa-800537e49b95"><Name>Ben and Hollys Little Kingdom</Name><ChildSeriesCollection resultCount="1"><Series id="crid:~~2F~~2Fschange.com~~2Fc368f7ea-fae2-426b-81c8-790fac3ff80d"><Name>Season 1</Name><TitleCount>52</TitleCount></Series></ChildSeriesCollection></Series><Series id="crid:~~2F~~2Fschange.com~~2Fe95078e4-c85f-4127-a456-9e7f96f66cad"><Name>Go Jetters</Name><ChildSeriesCollection resultCount="2"><Series id="crid:~~2F~~2Fschange.com~~2Fdc338d03-2f91-4fc5-8327-d3d4250660af"><Name>Season 1</Name><TitleCount>26</TitleCount></Series><Series id="crid:~~2F~~2Fschange.com~~2F83647172-b961-4563-8e57-fd035c80df12"><Name>Season 2</Name><TitleCount>45</TitleCount></Series></ChildSeriesCollection></Series><Series id="crid:~~2F~~2Fschange.com~~2F6c8e86ac-e393-464e-bd15-a6c44b3f2820"><Name>Cuentos del Perro Chocolo</Name><ChildSeriesCollection resultCount="1"><Series id="crid:~~2F~~2Fschange.com~~2F3e9c157f-7112-4a5e-bb86-3af44d191faf"><Name>Season 1</Name><TitleCount>6</TitleCount></Series></ChildSeriesCollection></Series><Series id="crid:~~2F~~2Fschange.com~~2F5bd772f9-a607-460b-bd4a-cfd4df6c78ac"><Name>Ranger Rob</Name><ChildSeriesCollection resultCount="2"><Series id="crid:~~2F~~2Fschange.com~~2F2235d60f-2a68-4fe0-90cd-b65f37c111d1"><Name>Seaseon 1</Name><TitleCount>42</TitleCount></Series><Series id="crid:~~2F~~2Fschange.com~~2Ff7b1e17f-833d-4ac5-b49a-0fb4fca2f33c"><Name>Seaseon 2</Name><TitleCount>41</TitleCount></Series></ChildSeriesCollection></Series><Series id="crid:~~2F~~2Fschange.com~~2Fb12d12ef-09b6-44f9-aae8-53498d6ea8d6"><Name>Bichikids</Name><ChildSeriesCollection resultCount="2"><Series id="crid:~~2F~~2Fschange.com~~2F860ba0e9-ad34-4317-b606-6159d5615f78"><Name>Season 1</Name><TitleCount>24</TitleCount></Series><Series id="crid:~~2F~~2Fschange.com~~2Ff9ad5424-4bbd-4eca-9d32-a4b2e7d4e401"><Name>Season 2</Name><TitleCount>24</TitleCount></Series></ChildSeriesCollection></Series><Series id="crid:~~2F~~2Fschange.com~~2F194b97b0-0ccc-4327-ad58-25127d5e84f5"><Name>Cantando Aprendo Hablar</Name><ChildSeriesCollection resultCount="1"><Series id="crid:~~2F~~2Fschange.com~~2F450f832b-fc39-4906-87d0-df8ccba7bb8d"><Name>Season 1</Name><TitleCount>9</TitleCount></Series></ChildSeriesCollection></Series><Series id="crid:~~2F~~2Fschange.com~~2Fa7b41346-c9a4-45fe-bb0e-d33180871861"><Name>Clangers</Name><ChildSeriesCollection resultCount="2"><Series id="crid:~~2F~~2Fschange.com~~2F3b34a908-dae0-415e-b4f0-f915eff0c0cf"><Name>Season 1</Name><TitleCount>2</TitleCount></Series><Series id="crid:~~2F~~2Fschange.com~~2Fa0776059-e3bb-4d65-b383-839282591002"><Name>Season 2</Name><TitleCount>50</TitleCount></Series></ChildSeriesCollection></Series><Series id="crid:~~2F~~2Fschange.com~~2F1944896c-c038-40c2-a495-a944617b69e9"><Name>Opa Popa Dupa</Name><ChildSeriesCollection resultCount="2"><Series id="crid:~~2F~~2Fschange.com~~2F359c0713-e23f-48bb-994c-903d8f256fb5"><Name>Season 1</Name><TitleCount>4</TitleCount></Series><Series id="crid:~~2F~~2Fschange.com~~2F51cb34e2-714b-4f63-8da9-bd2efa3454d2"><Name>Seaseon 1</Name><TitleCount>47</TitleCount></Series></ChildSeriesCollection></Series><Series id="crid:~~2F~~2Fschange.com~~2F1fa6d0e4-d74a-4f7b-8a79-3d75dfb79784"><Name>Recorcholis y Corchito</Name><ChildSeriesCollection resultCount="1"><Series id="crid:~~2F~~2Fschange.com~~2F7442ba21-8a28-4dd0-a5aa-f22cc7218e4c"><Name>Season 1</Name><TitleCount>12</TitleCount></Series></ChildSeriesCollection></Series><Series id="crid:~~2F~~2Fschange.com~~2Ff26b08e5-6ccd-4e3e-868e-114393fbd670"><Name>Doki</Name><ChildSeriesCollection resultCount="4"><Series id="crid:~~2F~~2Fschange.com~~2F84de285b-9482-4c4a-9f22-6a3e06c62445"><Name>Season 1</Name><TitleCount>47</TitleCount></Series><Series id="crid:~~2F~~2Fschange.com~~2Ffe5635f2-1da1-404f-9fcf-ac2b921326ae"><Name>Season 2</Name><TitleCount>53</TitleCount></Series><Series id="crid:~~2F~~2Fschange.com~~2Fe0d2042e-3887-4d44-9e56-c9620cd63a8a"><Name>Season 3</Name><TitleCount>5</TitleCount></Series><Series id="crid:~~2F~~2Fschange.com~~2Fd3769ef7-c84f-498b-b720-5b5dd02a1605"><Name>Season 4</Name><TitleCount>36</TitleCount></Series></ChildSeriesCollection></Series><Series id="crid:~~2F~~2Fschange.com~~2F4cef768c-f386-490f-bfc8-eacf5742ba47"><Name>El zoo de Zu</Name><ChildSeriesCollection resultCount="2"><Series id="crid:~~2F~~2Fschange.com~~2Fee408337-cab4-4143-90e6-a158584790aa"><Name>Season 1</Name><TitleCount>25</TitleCount></Series><Series id="crid:~~2F~~2Fschange.com~~2F2aea0103-9b92-4fac-89b2-525d1e9e23d1"><Name>Season 2</Name><TitleCount>26</TitleCount></Series></ChildSeriesCollection></Series></SeriesCollection></Category><Category id="crid:~~2F~~2Fschange.com~~2F0b74caa7-3bfd-4989-be0d-67c2429b1ae6"><Name>Infantil</Name><TitleCount>5</TitleCount><SeriesCollection resultCount="52"><Series id="crid:~~2F~~2Fschange.com~~2F7d498e16-c0a1-434b-bbc6-657fb8354b76"><Name>Talk Tom y Amigos</Name><ChildSeriesCollection resultCount="2"><Series id="crid:~~2F~~2Fschange.com~~2Fa8f88bd0-9ee6-479e-835c-2df2fed76deb"><Name>Season 2</Name><TitleCount>51</TitleCount></Series><Series id="crid:~~2F~~2Fschange.com~~2F1d922e90-8b89-4950-8aa5-360a3d50e400"><Name>Season 3</Name><TitleCount>50</TitleCount></Series></ChildSeriesCollection></Series><Series id="crid:~~2F~~2Fschange.com~~2F7cf2f869-6f46-49bc-acf5-cc4e234ace9d"><Name>Beyblade Burst Turbo</Name><ChildSeriesCollection resultCount="1"><Series id="crid:~~2F~~2Fschange.com~~2Ffcd5087d-e990-4e5d-a86d-e02063094d21"><Name>Season 3</Name><TitleCount>4</TitleCount></Series></ChildSeriesCollection></Series><Series id="crid:~~2F~~2Fschange.com~~2F3f4bf1ef-3f49-4f73-b789-0e7449af47d0"><Name>Unikitty</Name><ChildSeriesCollection resultCount="1"><Series id="crid:~~2F~~2Fschange.com~~2F9f3ea636-5126-4dd3-9e59-efe874c5bf32"><Name>Season 2</Name><TitleCount>2</TitleCount></Series></ChildSeriesCollection></Series><Series id="crid:~~2F~~2Fschange.com~~2F34899302-f1ac-43b0-8ba2-fedcde2d4256"><Name>Power Players</Name><ChildSeriesCollection resultCount="1"><Series id="crid:~~2F~~2Fschange.com~~2F9f1b030e-0e44-4b77-a2e7-bc77937fa1e3"><Name>Season 1</Name><TitleCount>7</TitleCount></Series></ChildSeriesCollection></Series><Series id="crid:~~2F~~2Fschange.com~~2F6ce7244a-d27a-4f7a-a042-9d768b910626"><Name>Miss Moon</Name><ChildSeriesCollection resultCount="1"><Series id="crid:~~2F~~2Fschange.com~~2F93b3b9a0-cf50-487b-8e4b-73948a83e2e4"><Name>Season 1</Name><TitleCount>21</TitleCount></Series></ChildSeriesCollection></Series><Series id="crid:~~2F~~2Fschange.com~~2Feb909f8e-4977-48d6-a906-45fd0bf61b5c"><Name>Rugrats: Aventuras en Pañales</Name><ChildSeriesCollection resultCount="2"><Series id="crid:~~2F~~2Fschange.com~~2Fff816985-2ffa-465f-99bf-3edb26d5efe4"><Name>Season 4</Name><TitleCount>14</TitleCount></Series><Series id="crid:~~2F~~2Fschange.com~~2Fc8150d42-32f1-4655-98ca-58747c42dacc"><Name>Season 5</Name><TitleCount>12</TitleCount></Series></ChildSeriesCollection></Series><Series id="crid:~~2F~~2Fschange.com~~2Fa50d4920-c4bd-48d5-906e-475b0cfe8a4f"><Name>Escandalosos</Name><ChildSeriesCollection resultCount="2"><Series id="crid:~~2F~~2Fschange.com~~2F65e843a2-6f5c-4f7d-85bb-91fbd562b2e7"><Name>Season 3</Name><TitleCount>1</TitleCount></Series><Series id="crid:~~2F~~2Fschange.com~~2F9e914fc3-d99b-4728-82dd-e106ff356f09"><Name>Season 4</Name><TitleCount>1</TitleCount></Series></ChildSeriesCollection></Series><Series id="crid:~~2F~~2Fschange.com~~2Ff24ba777-27ba-4dbb-a757-7686d5e870e4"><Name>Super Dinosaurio</Name><ChildSeriesCollection resultCount="1"><Series id="crid:~~2F~~2Fschange.com~~2F3593bc8f-b403-4b92-85fe-a264d45eef03"><Name>Season 1</Name><TitleCount>5</TitleCount></Series></ChildSeriesCollection></Series><Series id="crid:~~2F~~2Fschange.com~~2F37312890-2e7f-4906-a8c2-4846f3481f9f"><Name>Make It Pop</Name><ChildSeriesCollection resultCount="1"><Series id="crid:~~2F~~2Fschange.com~~2F6c5f4bbc-0d16-4778-98f4-8d05e157265d"><Name>Season 1</Name><TitleCount>20</TitleCount></Series></ChildSeriesCollection></Series><Series id="crid:~~2F~~2Fschange.com~~2F12066889-c633-450e-b287-4aab1afd6015"><Name>¡Oye Arnold!</Name><ChildSeriesCollection resultCount="2"><Series id="crid:~~2F~~2Fschange.com~~2Fc1f4bf73-5ca6-4d26-9a9d-d9730855291f"><Name>Season 1</Name><TitleCount>30</TitleCount></Series><Series id="crid:~~2F~~2Fschange.com~~2F3474b0db-153f-42e1-a2a8-693f43449468"><Name>Season 2</Name><TitleCount>27</TitleCount></Series></ChildSeriesCollection></Series><Series id="crid:~~2F~~2Fschange.com~~2Fa56ccc3d-6079-463a-ade0-31ab2dd9ee35"><Name>Hora de Aventura</Name><ChildSeriesCollection resultCount="3"><Series id="crid:~~2F~~2Fschange.com~~2F3db930bb-de7a-41fe-8530-3c77b73ccaea"><Name>Season 1</Name><TitleCount>7</TitleCount></Series><Series id="crid:~~2F~~2Fschange.com~~2F782345a7-8f41-4748-bd68-40ae8eedc5a1"><Name>Season 1</Name><TitleCount>6</TitleCount></Series><Series id="crid:~~2F~~2Fschange.com~~2F62c35437-6524-4a00-9f36-a8b85ce20f9c"><Name>Season 6</Name><TitleCount>0</TitleCount></Series></ChildSeriesCollection></Series><Series id="crid:~~2F~~2Fschange.com~~2Fbbc04f79-710c-40ab-b45d-0e9c989b6a90"><Name>Regular Show</Name><ChildSeriesCollection resultCount="4"><Series id="crid:~~2F~~2Fschange.com~~2Febe54d7c-3b4d-4a1d-b658-21f131f5127a"><Name>Season 4</Name><TitleCount>0</TitleCount></Series><Series id="crid:~~2F~~2Fschange.com~~2F008c3347-da7d-47f3-a813-9aed27aaf37a"><Name>Season 5</Name><TitleCount>0</TitleCount></Series><Series id="crid:~~2F~~2Fschange.com~~2Ff4f6cc4d-4a2b-4b14-a4ec-44f114a676a6"><Name>Season 6</Name><TitleCount>0</TitleCount></Series><Series id="crid:~~2F~~2Fschange.com~~2Fc70995da-1861-4ce0-87dc-69ebb1a7f859"><Name>Season 7</Name><TitleCount>0</TitleCount></Series></ChildSeriesCollection></Series><Series id="crid:~~2F~~2Fschange.com~~2F0667fa02-84c0-48a7-ae7d-1433cde573a6"><Name>Bob Esponja</Name><ChildSeriesCollection resultCount="1"><Series id="crid:~~2F~~2Fschange.com~~2Fbdf71ff4-1e8a-492b-86a2-0d8b48f66fd4"><Name>Season 9</Name><TitleCount>26</TitleCount></Series></ChildSeriesCollection></Series><Series id="crid:~~2F~~2Fschange.com~~2F52035e11-bd3a-4d02-b734-41cb9413991e"><Name>Caballeros del Zodiaco : The Lost Canvas</Name><ChildSeriesCollection resultCount="1"><Series id="crid:~~2F~~2Fschange.com~~2Fb2e4c042-9842-4819-89d1-353f3c48c3bc"><Name>Season 1</Name><TitleCount>52</TitleCount></Series></ChildSeriesCollection></Series><Series id="crid:~~2F~~2Fschange.com~~2F64f9dfe2-4f95-41a8-8ef8-d22db1c125de"><Name>Clarence</Name><ChildSeriesCollection resultCount="2"><Series id="crid:~~2F~~2Fschange.com~~2F89125ddd-c840-4493-b053-e869cc1fe7cc"><Name>Season 1</Name><TitleCount>0</TitleCount></Series><Series id="crid:~~2F~~2Fschange.com~~2F37ecb829-60ef-4494-ac29-48b524bb0dce"><Name>Season 2</Name><TitleCount>0</TitleCount></Series></ChildSeriesCollection></Series><Series id="crid:~~2F~~2Fschange.com~~2F171079eb-b930-4ed3-8632-6e77111c68be"><Name>DC Super Hero Girls</Name><ChildSeriesCollection resultCount="1"><Series id="crid:~~2F~~2Fschange.com~~2F3ab5a54c-123b-4caf-8524-3e00c1deb0bc"><Name>Season 1</Name><TitleCount>5</TitleCount></Series></ChildSeriesCollection></Series><Series id="crid:~~2F~~2Fschange.com~~2F4f8dc5c3-ba60-4561-aba2-3794b5bb2315"><Name>Breadwinners</Name><ChildSeriesCollection resultCount="2"><Series id="crid:~~2F~~2Fschange.com~~2F7b22c757-15fe-4e47-adad-e29acff15d51"><Name>Season 1</Name><TitleCount>20</TitleCount></Series><Series id="crid:~~2F~~2Fschange.com~~2F2cd5d2bf-e6a5-4e22-bbee-ba5e34150dca"><Name>Season 2</Name><TitleCount>26</TitleCount></Series></ChildSeriesCollection></Series><Series id="crid:~~2F~~2Fschange.com~~2F26e7079d-ffa7-4aa6-b9cf-2afcd6b1ac8c"><Name>¡Agente Binky al rescate!</Name><ChildSeriesCollection resultCount="1"><Series id="crid:~~2F~~2Fschange.com~~2F09f21825-abdc-43f6-9573-d1963fe95942"><Name>Season 1</Name><TitleCount>13</TitleCount></Series></ChildSeriesCollection></Series><Series id="crid:~~2F~~2Fschange.com~~2F700414ce-0320-4191-af7c-d20c9653df09"><Name>Ben 10</Name><ChildSeriesCollection resultCount="4"><Series id="crid:~~2F~~2Fschange.com~~2F4c9edbc9-0c2b-45a1-ba23-dd8b429d3600"><Name>Season 1</Name><TitleCount>0</TitleCount></Series><Series id="crid:~~2F~~2Fschange.com~~2Fd08d63e6-153e-402f-ad48-c8d68f351126"><Name>Season 2</Name><TitleCount>0</TitleCount></Series><Series id="crid:~~2F~~2Fschange.com~~2F733fb114-2d0c-406d-a1d7-d18302eb0906"><Name>Season 3</Name><TitleCount>0</TitleCount></Series><Series id="crid:~~2F~~2Fschange.com~~2Fb309856c-5ec8-4e85-b903-f2029f43c332"><Name>Season 4</Name><TitleCount>2</TitleCount></Series></ChildSeriesCollection></Series><Series id="crid:~~2F~~2Fschange.com~~2F51b5a328-7f53-4615-b10d-1294193368c0"><Name>El mundo de Craig</Name><ChildSeriesCollection resultCount="2"><Series id="crid:~~2F~~2Fschange.com~~2F3053fb38-3f7b-4689-83aa-7a399ee3f12e"><Name>Season 1</Name><TitleCount>13</TitleCount></Series><Series id="crid:~~2F~~2Fschange.com~~2F87b1ab5d-d3a5-4a9b-8b5c-b7d947887795"><Name>Season 2</Name><TitleCount>12</TitleCount></Series></ChildSeriesCollection></Series><Series id="crid:~~2F~~2Fschange.com~~2F94979378-80a6-461a-9400-402c2ca1e51b"><Name>Beyblade</Name><ChildSeriesCollection resultCount="1"><Series id="crid:~~2F~~2Fschange.com~~2Ff8b2a1ec-84fe-4901-836b-60036f9abb6e"><Name>Season 1</Name><TitleCount>51</TitleCount></Series></ChildSeriesCollection></Series><Series id="crid:~~2F~~2Fschange.com~~2F2f942941-95e8-4dfb-a573-b20bc66d3eb7"><Name>New Looney Tunes</Name><ChildSeriesCollection resultCount="1"><Series id="crid:~~2F~~2Fschange.com~~2Ffbcc602e-638b-4fc7-acaa-1e596afaa493"><Name>Season 3</Name><TitleCount>5</TitleCount></Series></ChildSeriesCollection></Series><Series id="crid:~~2F~~2Fschange.com~~2F69433fab-3ccd-4f3c-95b6-440a77e9b206"><Name>Doraemon</Name><ChildSeriesCollection resultCount="1"><Series id="crid:~~2F~~2Fschange.com~~2F09e57dfa-4f22-4f16-adca-ff24bb3abd7b"><Name>Season 1</Name><TitleCount>99</TitleCount></Series></ChildSeriesCollection></Series><Series id="crid:~~2F~~2Fschange.com~~2F6af8a167-2c00-453c-ab6a-6cc8aff8a6b9"><Name>Los Padrinos Mágicos</Name><ChildSeriesCollection resultCount="1"><Series id="crid:~~2F~~2Fschange.com~~2F223b3ff5-3abc-4217-a9f6-ac8cb56ff9ea"><Name>Season 6</Name><TitleCount>34</TitleCount></Series></ChildSeriesCollection></Series><Series id="crid:~~2F~~2Fschange.com~~2F1a16a3a5-591b-4fc0-b458-358a9788a2bc"><Name>Dragones</Name><ChildSeriesCollection resultCount="2"><Series id="crid:~~2F~~2Fschange.com~~2F43ff3150-3a25-43a3-9ba4-fbd116a3216b"><Name>Season 1</Name><TitleCount>40</TitleCount></Series><Series id="crid:~~2F~~2Fschange.com~~2F0dd94e9c-061b-43db-8d3d-ade13b5e39a2"><Name>Season 2</Name><TitleCount>42</TitleCount></Series></ChildSeriesCollection></Series><Series id="crid:~~2F~~2Fschange.com~~2Febe175c4-5e63-422b-a1f3-62cf8e6544fb"><Name>Mi perro Pat</Name><ChildSeriesCollection resultCount="2"><Series id="crid:~~2F~~2Fschange.com~~2F7ea473b4-5986-4043-b2d6-df0ee154214c"><Name>Season 1</Name><TitleCount>20</TitleCount></Series><Series id="crid:~~2F~~2Fschange.com~~2F523e99f1-f16d-486d-bb10-93918fd4b6ee"><Name>Season 2</Name><TitleCount>5</TitleCount></Series></ChildSeriesCollection></Series><Series id="crid:~~2F~~2Fschange.com~~2F7c3b9f49-652f-44d6-8bf4-a201e84866c8"><Name>La magia de Sadie</Name><ChildSeriesCollection resultCount="1"><Series id="crid:~~2F~~2Fschange.com~~2Ffc000670-44c7-4486-96c5-991efe6e9ff6"><Name>Season 1</Name><TitleCount>4</TitleCount></Series></ChildSeriesCollection></Series><Series id="crid:~~2F~~2Fschange.com~~2Fb5a7db8c-81e9-4899-8f6a-92d8c5a97775"><Name>Power Rangers: Beast morphers</Name><ChildSeriesCollection resultCount="1"><Series id="crid:~~2F~~2Fschange.com~~2F0c376f80-2390-444f-9387-aad1a60ec0c4"><Name>Season 1</Name><TitleCount>1</TitleCount></Series></ChildSeriesCollection></Series><Series id="crid:~~2F~~2Fschange.com~~2F7d7bd3e8-bc14-49f4-ad9e-f6df188e5aa6"><Name>Villanos</Name><ChildSeriesCollection resultCount="1"><Series id="crid:~~2F~~2Fschange.com~~2F1b114b47-5553-4cb7-8b66-81cff22ed49c"><Name>Season 1</Name><TitleCount>9</TitleCount></Series></ChildSeriesCollection></Series><Series id="crid:~~2F~~2Fschange.com~~2Fa3077ba4-4281-4fa4-aeae-f860e73f1f5a"><Name>Campamento de Verano</Name><ChildSeriesCollection resultCount="1"><Series id="crid:~~2F~~2Fschange.com~~2Fee642ddf-4ed8-4543-bb60-69b3e2f52ac0"><Name>Season 1</Name><TitleCount>4</TitleCount></Series></ChildSeriesCollection></Series><Series id="crid:~~2F~~2Fschange.com~~2Fe8a07159-a805-44b9-8a44-90f3207bb976"><Name>Charlie el entrevistador de cosas</Name><ChildSeriesCollection resultCount="1"><Series id="crid:~~2F~~2Fschange.com~~2Ffd63c8b6-9d93-4c12-949d-47ebec503f3d"><Name>Season 1</Name><TitleCount>0</TitleCount></Series></ChildSeriesCollection></Series><Series id="crid:~~2F~~2Fschange.com~~2F2d6b0d50-97f9-4c08-9acd-845505375b9b"><Name>Las Chicas Superpoderosas</Name><ChildSeriesCollection resultCount="1"><Series id="crid:~~2F~~2Fschange.com~~2F9ddc6ea4-b472-4867-b4eb-0327ec1db3d5"><Name>Season 3</Name><TitleCount>6</TitleCount></Series></ChildSeriesCollection></Series><Series id="crid:~~2F~~2Fschange.com~~2Ff9eb7f65-5fa9-4b67-90f9-d940a77f57d0"><Name>Henry Danger</Name><ChildSeriesCollection resultCount="1"><Series id="crid:~~2F~~2Fschange.com~~2F581347b8-a40b-4466-8ab0-eadb22accfd0"><Name>Season 2</Name><TitleCount>19</TitleCount></Series></ChildSeriesCollection></Series><Series id="crid:~~2F~~2Fschange.com~~2F333bb49b-4369-49ec-9b82-8c4c9385a878"><Name>Supercampeones</Name><ChildSeriesCollection resultCount="1"><Series id="crid:~~2F~~2Fschange.com~~2F7c91d251-a730-45de-a77d-8d9a80bf29d4"><Name>Season 1</Name><TitleCount>0</TitleCount></Series></ChildSeriesCollection></Series><Series id="crid:~~2F~~2Fschange.com~~2Ff22a47c3-5de8-4586-9c01-c02ed3ce3361"><Name>NOOBees</Name><ChildSeriesCollection resultCount="1"><Series id="crid:~~2F~~2Fschange.com~~2F4b5dcc9f-ebd2-4734-938e-3c18ed38e519"><Name>Season 2</Name><TitleCount>5</TitleCount></Series></ChildSeriesCollection></Series><Series id="crid:~~2F~~2Fschange.com~~2F48758ec2-df3e-4cfb-a66b-bc1470d4fc83"><Name>Los Autos Locos</Name><ChildSeriesCollection resultCount="1"><Series id="crid:~~2F~~2Fschange.com~~2Faa453b6e-81f3-4b48-89a9-23986e9140d4"><Name>Season 1</Name><TitleCount>2</TitleCount></Series></ChildSeriesCollection></Series><Series id="crid:~~2F~~2Fschange.com~~2F19ef13e1-1a8d-401c-89f0-dea6db913d9a"><Name>I Carly</Name><ChildSeriesCollection resultCount="2"><Series id="crid:~~2F~~2Fschange.com~~2Fdb2de5e4-11b7-49ce-832a-09979dafe06f"><Name>Season 1</Name><TitleCount>26</TitleCount></Series><Series id="crid:~~2F~~2Fschange.com~~2F7675da1d-60a8-4f2a-9bb8-1cbad5af6dc4"><Name>Season 2</Name><TitleCount>44</TitleCount></Series></ChildSeriesCollection></Series><Series id="crid:~~2F~~2Fschange.com~~2F009cd4f9-8db4-4e63-8c16-205be0d70432"><Name>School of Rock</Name><ChildSeriesCollection resultCount="3"><Series id="crid:~~2F~~2Fschange.com~~2Fe32b9f0b-b1d7-4251-a826-1a4d8f74b841"><Name>Season 1</Name><TitleCount>12</TitleCount></Series><Series id="crid:~~2F~~2Fschange.com~~2Fbe6411a6-7193-47e5-8fcf-d627042aabe6"><Name>Season 2</Name><TitleCount>13</TitleCount></Series><Series id="crid:~~2F~~2Fschange.com~~2F35729a0b-c5d4-4105-b3f8-e050c4b05fca"><Name>Season 3</Name><TitleCount>20</TitleCount></Series></ChildSeriesCollection></Series><Series id="crid:~~2F~~2Fschange.com~~2F3e044d6e-7380-498d-b87c-d8102f5efee5"><Name>Candy Candy</Name><ChildSeriesCollection resultCount="1"><Series id="crid:~~2F~~2Fschange.com~~2Fca834237-134f-4374-abbf-ebde69416d74"><Name>Season 1</Name><TitleCount>0</TitleCount></Series></ChildSeriesCollection></Series><Series id="crid:~~2F~~2Fschange.com~~2Fa3412c72-7cb5-43a8-91d1-98c580e38719"><Name>The Thundermans</Name><ChildSeriesCollection resultCount="1"><Series id="crid:~~2F~~2Fschange.com~~2F41a55360-1baa-4050-84c6-f24716fc9f8e"><Name>Season 2</Name><TitleCount>25</TitleCount></Series></ChildSeriesCollection></Series><Series id="crid:~~2F~~2Fschange.com~~2F147ea91f-822c-4c13-aba5-0d4a832a6191"><Name>Nicky, Ricky, Dicky y Dawn</Name><ChildSeriesCollection resultCount="2"><Series id="crid:~~2F~~2Fschange.com~~2Fe0482c95-2abd-4fdb-a749-6f2a117b81d8"><Name>Season 1</Name><TitleCount>17</TitleCount></Series><Series id="crid:~~2F~~2Fschange.com~~2F0255835e-b7b5-40a1-8413-ab5f4371c987"><Name>Season 2</Name><TitleCount>19</TitleCount></Series></ChildSeriesCollection></Series><Series id="crid:~~2F~~2Fschange.com~~2F23ffafda-1aac-4374-bd29-fe1580804a70"><Name>Los Jóvenes Titanes en Accion</Name><ChildSeriesCollection resultCount="2"><Series id="crid:~~2F~~2Fschange.com~~2F31b39fb1-a81b-455f-906a-af116bf9cb45"><Name>Season 5</Name><TitleCount>0</TitleCount></Series><Series id="crid:~~2F~~2Fschange.com~~2Fd89b8a35-07d4-4266-be35-71c58b2e007d"><Name>Season 6</Name><TitleCount>4</TitleCount></Series></ChildSeriesCollection></Series><Series id="crid:~~2F~~2Fschange.com~~2F5ebbecca-eca3-44e9-9b0a-4dda4f5eae9c"><Name>Transformers Cyberverse</Name><ChildSeriesCollection resultCount="1"><Series id="crid:~~2F~~2Fschange.com~~2Ff7ab3624-62a6-4456-90bd-4e44dbe7767b"><Name>Season 2</Name><TitleCount>5</TitleCount></Series></ChildSeriesCollection></Series><Series id="crid:~~2F~~2Fschange.com~~2Fadd2e5d6-ae09-4664-89c7-dd10dbc7866e"><Name>Lego Jurassic World: Leyenda de la Isla Nublar</Name><ChildSeriesCollection resultCount="1"><Series id="crid:~~2F~~2Fschange.com~~2F29804f2c-745b-48cf-934f-e8985a9d796e"><Name>Season 1</Name><TitleCount>2</TitleCount></Series></ChildSeriesCollection></Series><Series id="crid:~~2F~~2Fschange.com~~2Fb10ee2fc-bcee-4626-a024-e4d62cec130f"><Name>Winx Club</Name><ChildSeriesCollection resultCount="1"><Series id="crid:~~2F~~2Fschange.com~~2Fe3032031-df10-4775-bc83-d968b6514744"><Name>Season 7</Name><TitleCount>0</TitleCount></Series></ChildSeriesCollection></Series><Series id="crid:~~2F~~2Fschange.com~~2F58208936-8b2b-4c18-a74c-9812bff14f80"><Name>Rise of the Teenage Mutant Ninja Turtle</Name><ChildSeriesCollection resultCount="1"><Series id="crid:~~2F~~2Fschange.com~~2Fa8b9b815-f6bd-4f7f-bff5-14d6134d639b"><Name>Season 1</Name><TitleCount>5</TitleCount></Series></ChildSeriesCollection></Series><Series id="crid:~~2F~~2Fschange.com~~2Fcc7b038b-0081-4563-a3de-ee498c3b4ca2"><Name>El Misterio de los Hunter</Name><ChildSeriesCollection resultCount="1"><Series id="crid:~~2F~~2Fschange.com~~2F3dc82182-018a-4362-a786-d299f5c6a7ca"><Name>Season 3</Name><TitleCount>0</TitleCount></Series></ChildSeriesCollection></Series><Series id="crid:~~2F~~2Fschange.com~~2F22e8eac0-ace5-40ca-898f-b8d381d248a3"><Name>Inuyasha</Name><ChildSeriesCollection resultCount="1"><Series id="crid:~~2F~~2Fschange.com~~2F234655de-7036-4f86-9619-5f3bd014a6df"><Name>Season 1</Name><TitleCount>0</TitleCount></Series></ChildSeriesCollection></Series><Series id="crid:~~2F~~2Fschange.com~~2F03826076-3c8d-427a-84c8-9f7ddb1b385d"><Name>Zafari</Name><ChildSeriesCollection resultCount="2"><Series id="crid:~~2F~~2Fschange.com~~2F170011c3-67ac-4b40-8bb4-1c498781a092"><Name>Seaseon 1</Name><TitleCount>43</TitleCount></Series><Series id="crid:~~2F~~2Fschange.com~~2Fd0a12a2d-fa59-41cd-b67d-b3fcbb3d4f98"><Name>Season 2</Name><TitleCount>28</TitleCount></Series></ChildSeriesCollection></Series><Series id="crid:~~2F~~2Fschange.com~~2F5ee5c105-07ee-48f6-913c-238d719b3ef0"><Name>Big Top Academy</Name><ChildSeriesCollection resultCount="1"><Series id="crid:~~2F~~2Fschange.com~~2Ff31fbc83-6a55-4995-a5d1-c92e7a4b4491"><Name>Season 1</Name><TitleCount>26</TitleCount></Series></ChildSeriesCollection></Series><Series id="crid:~~2F~~2Fschange.com~~2F3a119b98-2abd-4825-b434-bb607d87bd85"><Name>Bunnicula</Name><ChildSeriesCollection resultCount="2"><Series id="crid:~~2F~~2Fschange.com~~2F28e0c308-1dd4-4c44-a175-addfe26867aa"><Name>Season 1</Name><TitleCount>0</TitleCount></Series><Series id="crid:~~2F~~2Fschange.com~~2F18cf3560-d1df-4893-aaa0-4ec200b8697b"><Name>Season 2</Name><TitleCount>1</TitleCount></Series></ChildSeriesCollection></Series><Series id="crid:~~2F~~2Fschange.com~~2F59b1ef59-63d0-4131-8335-a735e5a284f9"><Name>Fullmetal Alchemist</Name><ChildSeriesCollection resultCount="1"><Series id="crid:~~2F~~2Fschange.com~~2F87699cda-94d1-4e2a-b8d7-95c09de2810c"><Name>Season 1</Name><TitleCount>0</TitleCount></Series></ChildSeriesCollection></Series></SeriesCollection></Category><Category id="crid:~~2F~~2Fschange.com~~2Fe6c7278d-0b36-41e9-b4d6-3fcbe207e2fa"><Name>Películas</Name><TitleCount>88</TitleCount></Category></ChildCategories><TitleCount>0</TitleCount></Category><Category id="crid:~~2F~~2Fschange.com~~2Ff721cb87-3e65-4d8b-8cd8-e68e5b2a6112"><Name>Mi Lista</Name><TitleCount>0</TitleCount></Category><Category id="crid:~~2F~~2Fschange.com~~2Ffd6edd5b-2ea4-4af5-8926-5c4ef6f14966"><Name>Películas</Name><ChildCategories resultCount="5"><Category id="crid:~~2F~~2Fschange.com~~2F5eec1b63-38cf-4fc9-9d30-87414a761634"><Name>Películas Destacadas</Name><TitleCount>6</TitleCount></Category><Category id="crid:~~2F~~2Fschange.com~~2F938d07a8-1711-49bb-ba7a-b9f528ad77ef"><Name>Familiar</Name><TitleCount>62</TitleCount></Category><Category id="crid:~~2F~~2Fschange.com~~2F2dad55ed-8869-4d8d-b550-d02ad67b112a"><Name>Aventura</Name><TitleCount>59</TitleCount></Category><Category id="crid:~~2F~~2Fschange.com~~2Fa21d9961-3072-40da-8d2f-8f84f4b0b85f"><Name>Comedia</Name><TitleCount>31</TitleCount></Category><Category id="crid:~~2F~~2Fschange.com~~2F27b4ab25-24d1-4b91-a79f-e98775839f47"><Name>Arriendo</Name><TitleCount>48</TitleCount></Category></ChildCategories><TitleCount>0</TitleCount></Category><Category id="crid:~~2F~~2Fschange.com~~2F08729e3a-1897-4d91-9f00-ee28834438d9"><Name>Series</Name><ChildCategories resultCount="4"><Category id="crid:~~2F~~2Fschange.com~~2Ff43bd234-9a9a-4251-8755-08219920ae7d"><Name>Destacamos esta semana</Name><TitleCount>3</TitleCount></Category><Category id="crid:~~2F~~2Fschange.com~~2F917d15ed-a4f3-42f8-8920-bb01fc989bd7"><Name>Pre-Escolar</Name><TitleCount>39</TitleCount></Category><Category id="crid:~~2F~~2Fschange.com~~2Fae5f2b5f-5e89-4661-b4df-ba7b10957a05"><Name>Comedias</Name><TitleCount>15</TitleCount></Category><Category id="crid:~~2F~~2Fschange.com~~2F41bdfbc2-65a9-4b42-960a-20ecc7543a77"><Name>Acción</Name><TitleCount>6</TitleCount></Category></ChildCategories><TitleCount>0</TitleCount></Category><Category id="crid:~~2F~~2Fschange.com~~2Fa6346c36-a574-4a2a-af9b-3475c2a47d47"><Name>Arriendo</Name><ChildCategories resultCount="3"><Category id="crid:~~2F~~2Fschange.com~~2Fc33931a0-921a-4fa2-8103-7e049388c2e3"><Name>Destacamos esta semana</Name><TitleCount>2</TitleCount></Category><Category id="crid:~~2F~~2Fschange.com~~2F0bd67864-f531-481b-bf1f-12963556fc23"><Name>Aventura</Name><TitleCount>23</TitleCount></Category><Category id="crid:~~2F~~2Fschange.com~~2Fc828d3d1-d9d6-44b7-9d6b-98db7dc04377"><Name>Comedia</Name><TitleCount>13</TitleCount></Category></ChildCategories><TitleCount>0</TitleCount></Category><Category id="crid:~~2F~~2Fschange.com~~2Fa20e186d-36c2-49af-b53a-5ed53b148ae2"><Name>Ayuda</Name><ChildCategories resultCount="1"><Category id="crid:~~2F~~2Fschange.com~~2Febc8aa44-96fb-49f0-b901-208f10460527"><Name>Tutoriales</Name><TitleCount>2</TitleCount></Category></ChildCategories><TitleCount>0</TitleCount></Category></ChildCategories><TitleCount>0</TitleCount></Category>