<?xml version="1.0" encoding="utf-8"?><Category id="crid:~~2F~~2Fschange.com~~2F18b70419-8782-4a32-ae1e-c57ae2ff18e8" xmlns="urn:eventis:traxisweb:1.0"><Name>NEW_UI</Name><ChildCategories resultCount="9"><Category id="crid:~~2F~~2Fschange.com~~2F0321917c-3fa9-42cd-a56b-8d75b4c57cdb"><Name>Inicio</Name><ChildCategories resultCount="6"><Category id="crid:~~2F~~2Fschange.com~~2Fc6cfa2f2-da26-4ccf-8fc5-a384fe63418a"><Name>Destacamos esta Semana</Name><TitleCount>3</TitleCount></Category><Category id="crid:~~2F~~2Fschange.com~~2F0e20fa7d-010f-4f72-95d6-9d9b94bb0232"><Name>Imperdibles </Name><TitleCount>69</TitleCount></Category><Category id="crid:~~2F~~2Fschange.com~~2Fa4bdd4a5-0f6e-4a56-a5ce-8ca08b5f17a3"><Name>Familiar</Name><TitleCount>80</TitleCount></Category><Category id="crid:~~2F~~2Fschange.com~~2Fdcf9ab19-8852-41ee-afa2-b389ac817fa5"><Name>Series</Name><TitleCount>2</TitleCount></Category><Category id="crid:~~2F~~2Fschange.com~~2F7beb3419-9edc-418a-a14d-81a857cf064c"><Name>Versus</Name><TitleCount>2</TitleCount></Category><Category id="crid:~~2F~~2Fschange.com~~2Fcebfd8e7-1676-4bf1-8348-8dd6ededcf36"><Name>Especiales</Name><ChildCategories resultCount="4"><Category id="crid:~~2F~~2Fschange.com~~2Fc806301c-2d34-4b28-bccd-feff8aa71f9c"><Name>10 Años Lolla</Name><TitleCount>43</TitleCount></Category><Category id="crid:~~2F~~2Fschange.com~~2F35eb566d-93b9-45a0-9fe9-6eed68ffe35e"><Name>Series Españolas</Name><TitleCount>4</TitleCount></Category><Category id="crid:~~2F~~2Fschange.com~~2F8f4f41bd-cb12-4cc7-85e4-4df310ec2bd0"><Name>Cine B</Name><TitleCount>2</TitleCount></Category><Category id="crid:~~2F~~2Fschange.com~~2Ff99a2ab9-4e67-4e44-a5ac-2e5247b68571"><Name>Cine Chileno</Name><TitleCount>12</TitleCount></Category></ChildCategories><TitleCount>0</TitleCount></Category></ChildCategories><TitleCount>0</TitleCount></Category><Category id="crid:~~2F~~2Fschange.com~~2F23be5a2a-4d11-4855-9e44-0dac4e685a18"><Name>Películas</Name><ChildCategories resultCount="9"><Category id="crid:~~2F~~2Fschange.com~~2Fca5e5777-4954-4186-b247-b86f44929249"><Name>Películas Destacadas</Name><TitleCount>8</TitleCount></Category><Category id="crid:~~2F~~2Fschange.com~~2Ff7ec1445-2f17-4a03-b6ff-608ee3d0faf9"><Name>Imperdibles </Name><TitleCount>66</TitleCount></Category><Category id="crid:~~2F~~2Fschange.com~~2F485f73ec-f832-4f6d-b1de-0b0c0eb11ab2"><Name>Comedia</Name><TitleCount>66</TitleCount></Category><Category id="crid:~~2F~~2Fschange.com~~2F45d77583-0210-40de-bb00-73f671157b9f"><Name>Drama</Name><TitleCount>49</TitleCount></Category><Category id="crid:~~2F~~2Fschange.com~~2Fd7b7e420-75e2-4a91-91ff-75c49e6506fa"><Name>Familiar </Name><TitleCount>120</TitleCount></Category><Category id="crid:~~2F~~2Fschange.com~~2F79433028-d8e6-4b5b-8ac5-a1172aa911de"><Name>Acción</Name><TitleCount>91</TitleCount></Category><Category id="crid:~~2F~~2Fschange.com~~2F76c51cda-53f8-4b08-bd53-55f36d678aac"><Name>Terror - Suspenso</Name><TitleCount>31</TitleCount></Category><Category id="crid:~~2F~~2Fschange.com~~2Fa5966bcd-c2ad-4b29-beb0-ec5ccb129e54"><Name>Cine Chileno</Name><TitleCount>52</TitleCount></Category><Category id="crid:~~2F~~2Fschange.com~~2Fab59d68f-49d1-4c0d-8bd2-0e30eea4e021"><Name>Especiales</Name><ChildCategories resultCount="2"><Category id="crid:~~2F~~2Fschange.com~~2F64213637-da4e-4a7f-8436-c28b46a26e96"><Name>Toy Story</Name><TitleCount>3</TitleCount></Category><Category id="crid:~~2F~~2Fschange.com~~2F6ded6b55-e206-474f-858c-ec34e100bf27"><Name>Piratas del Caribe</Name><TitleCount>2</TitleCount></Category></ChildCategories><TitleCount>0</TitleCount></Category></ChildCategories><TitleCount>0</TitleCount></Category><Category id="crid:~~2F~~2Fschange.com~~2Fe6d49ba0-a128-4a64-839e-c02d4516daca"><Name>Infantil</Name><ChildCategories resultCount="8"><Category id="crid:~~2F~~2Fschange.com~~2F5290da07-ea3c-414c-8900-3b54135b32e6"><Name>Destacamos</Name><TitleCount>4</TitleCount></Category><Category id="crid:~~2F~~2Fschange.com~~2F0d9a2605-7589-4cc6-9270-d49e88da6dce"><Name>Una Hora con:</Name><ChildCategories resultCount="1"><Category id="crid:~~2F~~2Fschange.com~~2Ff6c1aec0-3828-4ca0-9553-36ac03e20aa6"><Name>Perro chocolo</Name><TitleCount>2</TitleCount></Category></ChildCategories><TitleCount>7</TitleCount></Category><Category id="crid:~~2F~~2Fschange.com~~2F5a61b888-b5a3-4a03-99e2-2380014d7c35"><Name>Canales TV</Name><ChildCategories resultCount="4"><Category id="crid:~~2F~~2Fschange.com~~2F2c7c50e2-7c7f-457f-aa86-60f2560952c1"><Name>Cartoon Network</Name><ChildCategories resultCount="1"><Category id="crid:~~2F~~2Fschange.com~~2Fcb8f8bed-5272-4bf2-bf09-43276a82a84e"><Name>Destacamos</Name><TitleCount>5</TitleCount></Category></ChildCategories><TitleCount>0</TitleCount></Category><Category id="crid:~~2F~~2Fschange.com~~2F6dff726c-a7c8-4d06-9905-8b8e06e2542f"><Name>Discovery Kids</Name><ChildCategories resultCount="1"><Category id="crid:~~2F~~2Fschange.com~~2F995536d8-0bd9-485e-9374-97b2689e0fd9"><Name>Destacamos</Name><TitleCount>13</TitleCount></Category></ChildCategories><TitleCount>0</TitleCount></Category><Category id="crid:~~2F~~2Fschange.com~~2Fe3a2f387-99ea-44ad-97df-01ec0946881b"><Name>Nickelodeon</Name><ChildCategories resultCount="1"><Category id="crid:~~2F~~2Fschange.com~~2F4087f349-dff6-408a-9f3c-f283ea13733f"><Name>Destacamos</Name><TitleCount>4</TitleCount></Category></ChildCategories><TitleCount>0</TitleCount></Category><Category id="crid:~~2F~~2Fschange.com~~2Fa9817de5-e49c-44a5-9976-e2d6ecdad37a"><Name>Disney</Name><ChildCategories resultCount="1"><Category id="crid:~~2F~~2Fschange.com~~2F534012ce-b91b-47c0-b4f5-4eaa1471d65d"><Name>Destacamos</Name><TitleCount>3</TitleCount></Category></ChildCategories><TitleCount>0</TitleCount></Category></ChildCategories><TitleCount>0</TitleCount></Category><Category id="crid:~~2F~~2Fschange.com~~2F257d75bd-34ee-4a48-bd70-76e438e05840"><Name>Familiar</Name><TitleCount>62</TitleCount></Category><Category id="crid:~~2F~~2Fschange.com~~2F4f4053ed-0116-4ae9-8d1a-a703914715d3"><Name>Preescolar</Name><TitleCount>21</TitleCount></Category><Category id="crid:~~2F~~2Fschange.com~~2Fa2f10d13-3282-4d37-8a6a-488daba6b650"><Name>Infantil</Name><TitleCount>5</TitleCount></Category><Category id="crid:~~2F~~2Fschange.com~~2Fe87ea9ae-2e31-4d73-8862-b695a990fa99"><Name>Películas</Name><TitleCount>89</TitleCount></Category><Category id="crid:~~2F~~2Fschange.com~~2F626ca655-643e-47c6-97c3-f3a454aad69c"><Name>Arriendo</Name><TitleCount>41</TitleCount></Category></ChildCategories><TitleCount>0</TitleCount></Category><Category id="crid:~~2F~~2Fschange.com~~2F4c4d6ff5-a21e-4579-a8f8-6fa81a80fe0d"><Name>Canales TV</Name><ChildCategories resultCount="1"><Category id="crid:~~2F~~2Fschange.com~~2Fb1f852cb-ec42-47a0-a0b4-49e66d1f04d1"><Name>Canales TV</Name><ChildCategories resultCount="24"><Category id="crid:~~2F~~2Fschange.com~~2F5586f05c-176d-4be9-836e-4643f8c31a80"><Name>Canal 13</Name><ChildCategories resultCount="1"><Category id="crid:~~2F~~2Fschange.com~~2F49ffbbd8-89a1-400a-ac08-26ec9b5139c5"><Name>Destacamos</Name><TitleCount>1</TitleCount></Category></ChildCategories><TitleCount>0</TitleCount></Category><Category id="crid:~~2F~~2Fschange.com~~2Fc8d226d7-799d-44f3-959a-fc071243a632"><Name>CHV</Name><ChildCategories resultCount="1"><Category id="crid:~~2F~~2Fschange.com~~2F7f165fe2-0785-4b20-a62c-b49acfd60525"><Name>Destacamos</Name><TitleCount>2</TitleCount></Category></ChildCategories><TitleCount>0</TitleCount></Category><Category id="crid:~~2F~~2Fschange.com~~2F50acc108-206d-49c6-9dbd-74090c738279"><Name>TVN</Name><ChildCategories resultCount="1"><Category id="crid:~~2F~~2Fschange.com~~2F25f022df-4b65-4107-acd5-d9458d53c53f"><Name>Destacamos</Name><TitleCount>3</TitleCount></Category></ChildCategories><TitleCount>0</TitleCount></Category><Category id="crid:~~2F~~2Fschange.com~~2F84181ff8-8157-4c09-a603-0e3d26f3d852"><Name>Cocina viva</Name><ChildCategories resultCount="1"><Category id="crid:~~2F~~2Fschange.com~~2F4e3c7cd9-d021-4016-b3ce-9a66b323ce15"><Name>Programas de TV y Series</Name><TitleCount>7</TitleCount></Category></ChildCategories><TitleCount>0</TitleCount></Category><Category id="crid:~~2F~~2Fschange.com~~2F2171521a-50c2-4c9a-8c1f-d899fee61f79"><Name>Fundacion VTR</Name><ChildCategories resultCount="1"><Category id="crid:~~2F~~2Fschange.com~~2F8eb3eb9c-9cea-42f8-be8a-7ac53709ec47"><Name>Programas de TV y Series</Name><TitleCount>6</TitleCount></Category></ChildCategories><TitleCount>0</TitleCount></Category><Category id="crid:~~2F~~2Fschange.com~~2Fef769b2f-a3dc-4733-96c9-a85bcac3ae74"><Name>Cartoon Network</Name><ChildCategories resultCount="1"><Category id="crid:~~2F~~2Fschange.com~~2F6c73502b-34ec-4be9-bf3f-cedf162147ca"><Name>Programas de TV y Series</Name><TitleCount>6</TitleCount></Category></ChildCategories><TitleCount>0</TitleCount></Category><Category id="crid:~~2F~~2Fschange.com~~2Fdb412f4c-824e-4b51-aa5c-b85bed4cd371"><Name>Nat Geo Kids</Name><ChildCategories resultCount="1"><Category id="crid:~~2F~~2Fschange.com~~2Fb5980b95-173a-4895-8847-505ea38b9fbd"><Name>Programas de TV y Series</Name><TitleCount>2</TitleCount></Category></ChildCategories><TitleCount>0</TitleCount></Category><Category id="crid:~~2F~~2Fschange.com~~2F94294af8-db8a-41ab-a5d2-bc5ee6868b72"><Name>Disney</Name><ChildCategories resultCount="1"><Category id="crid:~~2F~~2Fschange.com~~2F74a8b02e-5c7e-4d58-b9e7-0ba9c5ba5b37"><Name>Programas de TV y Series</Name><TitleCount>3</TitleCount></Category></ChildCategories><TitleCount>0</TitleCount></Category><Category id="crid:~~2F~~2Fschange.com~~2Ff4304d6c-3a1a-4721-9de0-3e8dd20cc7ca"><Name>BBC Entertainment</Name><ChildCategories resultCount="1"><Category id="crid:~~2F~~2Fschange.com~~2F58ef812b-cde9-43a4-a2a0-a33a08405d71"><Name>Programas de TV y Series</Name><TitleCount>28</TitleCount></Category></ChildCategories><TitleCount>0</TitleCount></Category><Category id="crid:~~2F~~2Fschange.com~~2F4f96a9a0-540b-4c7e-8f03-bf980b46ea70"><Name>HBO</Name><ChildCategories resultCount="6"><Category id="crid:~~2F~~2Fschange.com~~2Faa781a5d-0ee9-4197-87f0-ba493d34d05e"><Name>Destacados</Name><TitleCount>72</TitleCount></Category><Category id="crid:~~2F~~2Fschange.com~~2Fe3e003df-fc7f-4c5c-a596-d3b1b5a290a9"><Name>Drama</Name><TitleCount>19</TitleCount></Category><Category id="crid:~~2F~~2Fschange.com~~2F67cde842-cb58-489a-ad52-bb14269e31ea"><Name>Familiar</Name><TitleCount>24</TitleCount></Category><Category id="crid:~~2F~~2Fschange.com~~2F41d00153-e39e-485d-b138-c847fba4f1ae"><Name>Acción</Name><TitleCount>41</TitleCount></Category><Category id="crid:~~2F~~2Fschange.com~~2Fda45d655-2243-4264-bdb3-1168e5c11008"><Name>Comedia</Name><TitleCount>17</TitleCount></Category><Category id="crid:~~2F~~2Fschange.com~~2F55e4cbf4-edab-4222-b632-b3a0030a8c92"><Name>Terror</Name><TitleCount>8</TitleCount></Category></ChildCategories><TitleCount>0</TitleCount></Category><Category id="crid:~~2F~~2Fschange.com~~2F4b3efcc9-cc02-4332-adbd-02683f069dfb"><Name>TNT</Name><ChildCategories resultCount="1"><Category id="crid:~~2F~~2Fschange.com~~2F11336def-d554-4cae-9bf4-1246cc91d98d"><Name>Programas de TV Series</Name><TitleCount>10</TitleCount></Category></ChildCategories><TitleCount>0</TitleCount></Category><Category id="crid:~~2F~~2Fschange.com~~2F6bfb1908-6771-47e8-b4d9-4391731080c9"><Name>Space</Name><ChildCategories resultCount="1"><Category id="crid:~~2F~~2Fschange.com~~2F1f05bae1-491f-47c7-96e3-e236bbcad036"><Name>Programas de TV Series</Name><TitleCount>13</TitleCount></Category></ChildCategories><TitleCount>0</TitleCount></Category><Category id="crid:~~2F~~2Fschange.com~~2Fbac8719b-c92c-4bad-b400-c6bbd065c953"><Name>Paramount</Name><ChildCategories resultCount="1"><Category id="crid:~~2F~~2Fschange.com~~2F660d236b-98e8-4b86-8598-edc51c9e39b6"><Name>Programas de TV y Series</Name><TitleCount>6</TitleCount></Category></ChildCategories><TitleCount>0</TitleCount></Category><Category id="crid:~~2F~~2Fschange.com~~2F7c8ea44c-070b-4937-9e30-59e968fb0288"><Name>FoxLife</Name><ChildCategories resultCount="1"><Category id="crid:~~2F~~2Fschange.com~~2Fdcfd9a2d-473f-462d-9e5a-283a051943c7"><Name>Programas de TV y Series</Name><TitleCount>1</TitleCount></Category></ChildCategories><TitleCount>0</TitleCount></Category><Category id="crid:~~2F~~2Fschange.com~~2Fa7ad0cff-0534-4e68-8af0-7500e1b09d6f"><Name>A3 CINE</Name><ChildCategories resultCount="1"><Category id="crid:~~2F~~2Fschange.com~~2F2e5db55d-cbeb-4476-88dc-176f5eb29e85"><Name>Programas de TV y Series</Name><TitleCount>3</TitleCount></Category></ChildCategories><TitleCount>0</TitleCount></Category><Category id="crid:~~2F~~2Fschange.com~~2Fe9286c9d-95cb-4037-ac35-8707fd6695f1"><Name>NatGeo</Name><ChildCategories resultCount="1"><Category id="crid:~~2F~~2Fschange.com~~2Fa12ff1b3-fd5a-43e8-8b32-1ce3a1731f91"><Name>Programas de TV y Series</Name><TitleCount>5</TitleCount></Category></ChildCategories><TitleCount>0</TitleCount></Category><Category id="crid:~~2F~~2Fschange.com~~2Fbac869cb-039c-423e-9c15-a8dcf8dfcf27"><Name>MTV</Name><ChildCategories resultCount="1"><Category id="crid:~~2F~~2Fschange.com~~2Fdbd068da-77d8-4434-ab5d-fcff9b19ceae"><Name>Programas de TV y Series</Name><TitleCount>4</TitleCount></Category></ChildCategories><TitleCount>5</TitleCount></Category><Category id="crid:~~2F~~2Fschange.com~~2F55cb125f-de82-4114-bd18-d62ed4839b73"><Name>Discovery</Name><TitleCount>2</TitleCount></Category><Category id="crid:~~2F~~2Fschange.com~~2F9cee3807-22eb-42a9-b5ce-baa79d70aab1"><Name>Home &amp; Health</Name><TitleCount>2</TitleCount></Category><Category id="crid:~~2F~~2Fschange.com~~2Fd1555d7f-67b2-466b-b16d-7281ebc465e0"><Name>Via X</Name><ChildCategories resultCount="1"><Category id="crid:~~2F~~2Fschange.com~~2Fe08795e4-4415-4855-9160-4541b86de834"><Name>Programas de TV y Series</Name><TitleCount>8</TitleCount></Category></ChildCategories><TitleCount>12</TitleCount></Category><Category id="crid:~~2F~~2Fschange.com~~2F71bec329-b263-4dbd-93ec-7436f35778a9"><Name>Zona Latina</Name><ChildCategories resultCount="1"><Category id="crid:~~2F~~2Fschange.com~~2Ff6e6e523-4593-4602-8042-bb4c738389e5"><Name>Programas de TV y Series</Name><TitleCount>4</TitleCount></Category></ChildCategories><TitleCount>4</TitleCount></Category><Category id="crid:~~2F~~2Fschange.com~~2F1371b683-2813-4c9b-90ff-26376bf18088"><Name>ARTV</Name><ChildCategories resultCount="1"><Category id="crid:~~2F~~2Fschange.com~~2Fb5b425b2-086b-4a8a-9e4c-ee90368c1634"><Name>Programas de TV y Series</Name><TitleCount>6</TitleCount></Category></ChildCategories><TitleCount>7</TitleCount></Category><Category id="crid:~~2F~~2Fschange.com~~2F29ff5fc2-e942-49ed-aaa0-f8d44fc90cf6"><Name>TLC</Name><ChildCategories resultCount="1"><Category id="crid:~~2F~~2Fschange.com~~2Fb641919a-355b-40a5-82ae-c54e88833a69"><Name>Programas de TV y Series</Name><TitleCount>1</TitleCount></Category></ChildCategories><TitleCount>2</TitleCount></Category><Category id="crid:~~2F~~2Fschange.com~~2F6fe3e655-fb62-4662-8f7f-6f52bc4fe442"><Name>Smithsonian Channel</Name><ChildCategories resultCount="1"><Category id="crid:~~2F~~2Fschange.com~~2Fc05174b8-1323-43a1-afed-98f0e83de7cf"><Name>Programas de TV y Series</Name><TitleCount>24</TitleCount></Category></ChildCategories><TitleCount>0</TitleCount></Category></ChildCategories><TitleCount>0</TitleCount></Category></ChildCategories><TitleCount>0</TitleCount></Category><Category id="crid:~~2F~~2Fschange.com~~2F76bd6a41-9682-4754-9643-5937b617846a"><Name>Premium</Name><ChildCategories resultCount="3"><Category id="crid:~~2F~~2Fschange.com~~2F3c50ff3d-ea27-452f-8b5c-ad69e5ade9d9"><Name>Canales Premium</Name><ChildCategories resultCount="2"><Category id="crid:~~2F~~2Fschange.com~~2F19470520-1cbc-413f-9474-e206b078c7d0"><Name>HBO MAX</Name><ChildCategories resultCount="6"><Category id="crid:~~2F~~2Fschange.com~~2F9f3535f7-09d3-43de-aaa3-35907609fb48"><Name>Destacados</Name><TitleCount>72</TitleCount></Category><Category id="crid:~~2F~~2Fschange.com~~2F86284221-9c2f-497a-a00f-cd5c1aa2c45d"><Name>Drama</Name><TitleCount>19</TitleCount></Category><Category id="crid:~~2F~~2Fschange.com~~2F442d462d-f114-4d1c-92a3-1afd92a0334a"><Name>Familiar</Name><TitleCount>24</TitleCount></Category><Category id="crid:~~2F~~2Fschange.com~~2F1f326945-7338-4fba-be17-9b1443c6d874"><Name>Acción</Name><TitleCount>41</TitleCount></Category><Category id="crid:~~2F~~2Fschange.com~~2Fae14e9c7-a51b-4316-8f85-58ab10d9335c"><Name>Comedia</Name><TitleCount>17</TitleCount></Category><Category id="crid:~~2F~~2Fschange.com~~2F67dd9ebd-c8e4-4313-bf6b-fd9917947e30"><Name>Terror</Name><TitleCount>8</TitleCount></Category></ChildCategories><TitleCount>0</TitleCount></Category><Category id="crid:~~2F~~2Fschange.com~~2F5cde299e-30b9-46d5-aa03-233f73b8afb0"><Name>FOX PREMIUM</Name><ChildCategories resultCount="7"><Category id="crid:~~2F~~2Fschange.com~~2Fbaccc6cb-8ac0-411e-8de0-0ca4e55ab774"><Name>Destacados</Name><TitleCount>69</TitleCount></Category><Category id="crid:~~2F~~2Fschange.com~~2F83e81ee2-0640-443c-a23d-a17da01909ab"><Name>Drama</Name><TitleCount>276</TitleCount></Category><Category id="crid:~~2F~~2Fschange.com~~2F6e103ee3-6bf8-4eff-9a9a-5a835500e8f5"><Name>Familiar</Name><TitleCount>131</TitleCount></Category><Category id="crid:~~2F~~2Fschange.com~~2F8ba91ba9-b597-4312-a686-3aea1930fd3e"><Name>Acción</Name><TitleCount>270</TitleCount></Category><Category id="crid:~~2F~~2Fschange.com~~2F7eaffa82-17fa-4866-9b4b-7ea0fa5389ef"><Name>Comedia</Name><TitleCount>315</TitleCount></Category><Category id="crid:~~2F~~2Fschange.com~~2F1887a1ee-b158-4f7d-94e2-915b0ad9cd76"><Name>Terror</Name><TitleCount>83</TitleCount></Category><Category id="crid:~~2F~~2Fschange.com~~2F4a361c6c-7f61-41f5-a00c-81c652b22ec3"><Name>Nat geo</Name><TitleCount>53</TitleCount></Category></ChildCategories><TitleCount>0</TitleCount></Category></ChildCategories><TitleCount>0</TitleCount></Category><Category id="crid:~~2F~~2Fschange.com~~2Ff88d7edc-893d-4653-bf39-b717a1526656"><Name>Destacamos esta Semana</Name><TitleCount>6</TitleCount></Category><Category id="crid:~~2F~~2Fschange.com~~2F15108e95-8fd3-4b36-a572-9f303f734900"><Name>Series</Name><TitleCount>26</TitleCount></Category></ChildCategories><TitleCount>0</TitleCount></Category><Category id="crid:~~2F~~2Fschange.com~~2Fe0132aaa-9141-4e67-b861-e07dc72ba0bc"><Name>Arriendo</Name><ChildCategories resultCount="9"><Category id="crid:~~2F~~2Fschange.com~~2F570d2d8e-03ba-46fc-8a43-1dabb75a9cb6"><Name>#QuédateEnCasa: 50% Off</Name><TitleCount>20</TitleCount></Category><Category id="crid:~~2F~~2Fschange.com~~2Ff639a368-e004-4581-9017-c121bd1163ca"><Name>Super estrenos</Name><TitleCount>22</TitleCount></Category><Category id="crid:~~2F~~2Fschange.com~~2Fe63e8dc0-a6c0-441f-b16a-3cf5c9dfae02"><Name>Recién llegados</Name><TitleCount>247</TitleCount></Category><Category id="crid:~~2F~~2Fschange.com~~2F7d9689f4-94ee-401d-a3b9-8e05ecc0407a"><Name>Familiar</Name><TitleCount>26</TitleCount></Category><Category id="crid:~~2F~~2Fschange.com~~2F649031f7-2f0e-48df-ab1c-1e2bf8eaa672"><Name>Drama</Name><TitleCount>93</TitleCount></Category><Category id="crid:~~2F~~2Fschange.com~~2Ff0a6c887-74ee-4bac-a643-56924c304c94"><Name>Accion</Name><TitleCount>97</TitleCount></Category><Category id="crid:~~2F~~2Fschange.com~~2F1364e28e-c11e-4ae1-8820-be2c1b22d545"><Name>Comedia</Name><TitleCount>65</TitleCount></Category><Category id="crid:~~2F~~2Fschange.com~~2F55265244-b5bf-4cdf-974d-f780294d7d26"><Name>Terror</Name><TitleCount>59</TitleCount></Category><Category id="crid:~~2F~~2Fschange.com~~2F3754f771-fad0-408a-a79b-5af1b10ca732"><Name>Cine Chileno</Name><TitleCount>8</TitleCount></Category></ChildCategories><TitleCount>0</TitleCount></Category><Category id="crid:~~2F~~2Fschange.com~~2F5e8abe82-edfe-41e8-859f-3447b6f7436a"><Name>Música y Cultura</Name><ChildCategories resultCount="4"><Category id="crid:~~2F~~2Fschange.com~~2Fd8b76980-b6a6-4a04-82eb-b96f5de71e48"><Name>Destacamos esta Semana</Name><TitleCount>3</TitleCount></Category><Category id="crid:~~2F~~2Fschange.com~~2F82d7ab29-6285-4dc6-90cf-07c0769ee446"><Name>Lollapalooza </Name><TitleCount>146</TitleCount></Category><Category id="crid:~~2F~~2Fschange.com~~2F52686cb9-d0ea-487b-adbb-b58e81ecf51a"><Name>Documentales</Name><TitleCount>38</TitleCount></Category><Category id="crid:~~2F~~2Fschange.com~~2Fb1717d08-6549-4504-b750-6efde06ba039"><Name>Música Clásica</Name><TitleCount>22</TitleCount></Category></ChildCategories><TitleCount>0</TitleCount></Category><Category id="crid:~~2F~~2Fschange.com~~2Fcfdf8dcd-6f7b-4dc7-92f2-3c7effd4075d"><Name>Adultos</Name><ChildCategories resultCount="15"><Category id="crid:~~2F~~2Fschange.com~~2F38aaa500-7bc3-418f-8df3-56d3c4658b11"><Name>5x1</Name><TitleCount>1</TitleCount></Category><Category id="crid:~~2F~~2Fschange.com~~2Fdda97ba5-08ef-4b95-98ff-42310951033c"><Name>Colitas XXX</Name><TitleCount>16</TitleCount></Category><Category id="crid:~~2F~~2Fschange.com~~2F07fca096-9097-478e-817f-2b6ebd285721"><Name>Gay</Name><TitleCount>13</TitleCount></Category><Category id="crid:~~2F~~2Fschange.com~~2F44ce60e2-c9ad-4080-9c75-32ce26cffb6d"><Name>MILF</Name><TitleCount>8</TitleCount></Category><Category id="crid:~~2F~~2Fschange.com~~2F7d7172af-0b47-4466-8338-7704f647ff95"><Name>Jovencitas</Name><TitleCount>9</TitleCount></Category><Category id="crid:~~2F~~2Fschange.com~~2Febb8b8d1-37bb-4941-b012-90b2914c34ec"><Name>Amateur</Name><TitleCount>9</TitleCount></Category><Category id="crid:~~2F~~2Fschange.com~~2Fbd7fcf0e-35af-4cb4-a3ba-01cc07906d2c"><Name>Voluptuosas</Name><TitleCount>10</TitleCount></Category><Category id="crid:~~2F~~2Fschange.com~~2F350c3c5d-02a7-46d3-8912-c30f4047fc16"><Name>Trans</Name><TitleCount>5</TitleCount></Category><Category id="crid:~~2F~~2Fschange.com~~2Fe67fdd58-c2e9-4113-b6a1-7732058f6bfe"><Name>Orgias</Name><TitleCount>12</TitleCount></Category><Category id="crid:~~2F~~2Fschange.com~~2Fb1e28827-d69e-483f-ae6f-662ab0dac37d"><Name>Perversiones</Name><TitleCount>5</TitleCount></Category><Category id="crid:~~2F~~2Fschange.com~~2F5fbbc14f-11fe-44bb-9127-58a3b5174ae4"><Name>Mamadas</Name><TitleCount>6</TitleCount></Category><Category id="crid:~~2F~~2Fschange.com~~2F2c171c98-d1f6-4310-be88-6538ebb45cb6"><Name>Lesbianas</Name><TitleCount>8</TitleCount></Category><Category id="crid:~~2F~~2Fschange.com~~2F265fcdc3-6e12-4d32-aacd-6ac03dfb040e"><Name>Rapiditos</Name><TitleCount>20</TitleCount></Category><Category id="crid:~~2F~~2Fschange.com~~2Fdc7513c8-3d88-491f-9180-b3ed6c744b2c"><Name>Gay shots</Name><TitleCount>18</TitleCount></Category><Category id="crid:~~2F~~2Fschange.com~~2F592a2f56-dc49-46c3-87d0-a8051213080a"><Name>2x1</Name><TitleCount>3</TitleCount></Category></ChildCategories><TitleCount>0</TitleCount></Category><Category id="crid:~~2F~~2Fschange.com~~2F258559be-3c59-4a4d-b6ed-5162ab420ee2"><Name>Ayuda</Name><ChildCategories resultCount="1"><Category id="crid:~~2F~~2Fschange.com~~2F759cf026-bac3-4d0e-8f2a-a891cc8145e1"><Name>Tutoriales</Name><TitleCount>17</TitleCount></Category></ChildCategories><TitleCount>0</TitleCount></Category></ChildCategories><TitleCount>0</TitleCount></Category>