<?xml version="1.0" encoding="utf-8"?><Category id="crid:~~2F~~2Fschange.com~~2Fe48c9ae7-c69d-4017-992b-66400d123ede" xmlns="urn:eventis:traxisweb:1.0"><Name>NEW_UI_Kids</Name><ChildCategories resultCount="5"><Category id="crid:~~2F~~2Fschange.com~~2Fdc697936-3694-4dbc-8606-b50ab56f872e"><Name>Inicio</Name><ChildCategories resultCount="7"><Category id="crid:~~2F~~2Fschange.com~~2F2f8e69f8-ec30-475a-8ffc-b2e2dce9d45b"><Name>Destacamos</Name><TitleCount>4</TitleCount></Category><Category id="crid:~~2F~~2Fschange.com~~2F40ba8ef7-bf8c-4dd9-b12f-fe7d5ca1cc90"><Name>Una Hora con:</Name><ChildCategories resultCount="1"><Category id="crid:~~2F~~2Fschange.com~~2F95fe7a4e-b0c3-4a05-bb7a-c69e35e56496"><Name>Perro chocolo</Name><TitleCount>2</TitleCount></Category></ChildCategories><TitleCount>7</TitleCount></Category><Category id="crid:~~2F~~2Fschange.com~~2F93797eb7-ad89-4cae-9978-c53ecc9e5bf7"><Name>Canales TV</Name><ChildCategories resultCount="5"><Category id="crid:~~2F~~2Fschange.com~~2F2084ef06-4eac-4666-9ced-7fdaa7d609d8"><Name>Cartoon Network</Name><ChildCategories resultCount="1"><Category id="crid:~~2F~~2Fschange.com~~2F6610ad33-f7f7-4bae-87bb-eb7633660ed0"><Name>Destacamos</Name><TitleCount>5</TitleCount></Category></ChildCategories><TitleCount>0</TitleCount></Category><Category id="crid:~~2F~~2Fschange.com~~2Fce0b4a42-ec8c-4d18-9dba-ce9fbcb3ef83"><Name>Discovery Kids</Name><ChildCategories resultCount="1"><Category id="crid:~~2F~~2Fschange.com~~2F850781e6-249c-4b89-8173-6d05921cdc72"><Name>Destacamos</Name><TitleCount>10</TitleCount></Category></ChildCategories><TitleCount>0</TitleCount></Category><Category id="crid:~~2F~~2Fschange.com~~2F1d33042d-10cb-4a79-a135-63871a67e3a4"><Name>Nickelodeon</Name><ChildCategories resultCount="1"><Category id="crid:~~2F~~2Fschange.com~~2F1ceeca6c-1527-4411-bc99-b8286bddf248"><Name>Destacamos</Name><TitleCount>4</TitleCount></Category></ChildCategories><TitleCount>0</TitleCount></Category><Category id="crid:~~2F~~2Fschange.com~~2F3531753c-3f57-4eac-abad-c4a181098d0a"><Name>Nat Geo Kids</Name><ChildCategories resultCount="1"><Category id="crid:~~2F~~2Fschange.com~~2Fd7667cb1-9780-49fb-a23e-4baef116593e"><Name>Destacamos</Name><TitleCount>5</TitleCount></Category></ChildCategories><TitleCount>0</TitleCount></Category><Category id="crid:~~2F~~2Fschange.com~~2F89ae7811-b62c-4b20-96a2-9475420eaebd"><Name>Disney</Name><ChildCategories resultCount="1"><Category id="crid:~~2F~~2Fschange.com~~2Fc849feb8-1323-48fd-adfe-c2107d7241ec"><Name>Destacamos</Name><TitleCount>3</TitleCount></Category></ChildCategories><TitleCount>0</TitleCount></Category></ChildCategories><TitleCount>0</TitleCount></Category><Category id="crid:~~2F~~2Fschange.com~~2Fa96c9447-2bb0-4ec4-9539-268d2819f7fa"><Name>Familiar</Name><TitleCount>74</TitleCount></Category><Category id="crid:~~2F~~2Fschange.com~~2Fdcb4138e-b011-4209-8ed0-d5512656d4f7"><Name>Preescolar</Name><TitleCount>21</TitleCount></Category><Category id="crid:~~2F~~2Fschange.com~~2F0b74caa7-3bfd-4989-be0d-67c2429b1ae6"><Name>Infantil</Name><TitleCount>5</TitleCount></Category><Category id="crid:~~2F~~2Fschange.com~~2Fe6c7278d-0b36-41e9-b4d6-3fcbe207e2fa"><Name>Películas</Name><TitleCount>88</TitleCount></Category></ChildCategories><TitleCount>0</TitleCount></Category><Category id="crid:~~2F~~2Fschange.com~~2Ffd6edd5b-2ea4-4af5-8926-5c4ef6f14966"><Name>Películas</Name><ChildCategories resultCount="5"><Category id="crid:~~2F~~2Fschange.com~~2F5eec1b63-38cf-4fc9-9d30-87414a761634"><Name>Películas Destacadas</Name><TitleCount>6</TitleCount></Category><Category id="crid:~~2F~~2Fschange.com~~2F938d07a8-1711-49bb-ba7a-b9f528ad77ef"><Name>Familiar</Name><TitleCount>62</TitleCount></Category><Category id="crid:~~2F~~2Fschange.com~~2F2dad55ed-8869-4d8d-b550-d02ad67b112a"><Name>Aventura</Name><TitleCount>59</TitleCount></Category><Category id="crid:~~2F~~2Fschange.com~~2Fa21d9961-3072-40da-8d2f-8f84f4b0b85f"><Name>Comedia</Name><TitleCount>31</TitleCount></Category><Category id="crid:~~2F~~2Fschange.com~~2F27b4ab25-24d1-4b91-a79f-e98775839f47"><Name>Arriendo</Name><TitleCount>48</TitleCount></Category></ChildCategories><TitleCount>0</TitleCount></Category><Category id="crid:~~2F~~2Fschange.com~~2F08729e3a-1897-4d91-9f00-ee28834438d9"><Name>Series</Name><ChildCategories resultCount="4"><Category id="crid:~~2F~~2Fschange.com~~2Ff43bd234-9a9a-4251-8755-08219920ae7d"><Name>Destacamos esta semana</Name><TitleCount>3</TitleCount></Category><Category id="crid:~~2F~~2Fschange.com~~2F917d15ed-a4f3-42f8-8920-bb01fc989bd7"><Name>Pre-Escolar</Name><TitleCount>39</TitleCount></Category><Category id="crid:~~2F~~2Fschange.com~~2Fae5f2b5f-5e89-4661-b4df-ba7b10957a05"><Name>Comedias</Name><TitleCount>15</TitleCount></Category><Category id="crid:~~2F~~2Fschange.com~~2F41bdfbc2-65a9-4b42-960a-20ecc7543a77"><Name>Acción</Name><TitleCount>6</TitleCount></Category></ChildCategories><TitleCount>0</TitleCount></Category><Category id="crid:~~2F~~2Fschange.com~~2Fa6346c36-a574-4a2a-af9b-3475c2a47d47"><Name>Arriendo</Name><ChildCategories resultCount="3"><Category id="crid:~~2F~~2Fschange.com~~2Fc33931a0-921a-4fa2-8103-7e049388c2e3"><Name>Destacamos esta semana</Name><TitleCount>2</TitleCount></Category><Category id="crid:~~2F~~2Fschange.com~~2F0bd67864-f531-481b-bf1f-12963556fc23"><Name>Aventura</Name><TitleCount>23</TitleCount></Category><Category id="crid:~~2F~~2Fschange.com~~2Fc828d3d1-d9d6-44b7-9d6b-98db7dc04377"><Name>Comedia</Name><TitleCount>13</TitleCount></Category></ChildCategories><TitleCount>0</TitleCount></Category><Category id="crid:~~2F~~2Fschange.com~~2Fa20e186d-36c2-49af-b53a-5ed53b148ae2"><Name>Ayuda</Name><ChildCategories resultCount="1"><Category id="crid:~~2F~~2Fschange.com~~2Febc8aa44-96fb-49f0-b901-208f10460527"><Name>Tutoriales</Name><TitleCount>2</TitleCount></Category></ChildCategories><TitleCount>0</TitleCount></Category></ChildCategories><TitleCount>0</TitleCount></Category>