<?xml version="1.0" encoding="utf-8"?><Category id="crid:~~2F~~2Fschange.com~~2Fe48c9ae7-c69d-4017-992b-66400d123ede" xmlns="urn:eventis:traxisweb:1.0"><Name>NEW_UI_Kids</Name><ChildCategories resultCount="6"><Category id="crid:~~2F~~2Fschange.com~~2Fdc697936-3694-4dbc-8606-b50ab56f872e"><Name>Inicio</Name><ChildCategories resultCount="8"><Category id="crid:~~2F~~2Fschange.com~~2F2f8e69f8-ec30-475a-8ffc-b2e2dce9d45b"><Name>Destacamos</Name><TitleCount>4</TitleCount><Titles resultCount="4"><Title id="crid:~~2F~~2Fschange.com~~2Fwww.disney.com~~2FKAID0100000002020022"><Name>Toy Story 3 HD</Name></Title><Title id="crid:~~2F~~2Fschange.com~~2Fwww.disney.com~~2FKAID0100000002020023"><Name>Toy Story 3</Name></Title><Title id="crid:~~2F~~2Fschange.com~~2Fwww.vubiquity.com~~2FPAID0000000001251392"><Name>Frozen 2 HD</Name></Title><Title id="crid:~~2F~~2Fschange.com~~2Fwww.vubiquity.com~~2FnAID0000000001251380"><Name>Frozen 2</Name></Title></Titles></Category><Category id="crid:~~2F~~2Fschange.com~~2F40ba8ef7-bf8c-4dd9-b12f-fe7d5ca1cc90"><Name>Una Hora con:</Name><ChildCategories resultCount="4"><Category id="crid:~~2F~~2Fschange.com~~2Fab775386-232c-4cad-86a5-2f3ecd7608be"><Name>Peppa Pig</Name><TitleCount>0</TitleCount></Category><Category id="crid:~~2F~~2Fschange.com~~2F95fe7a4e-b0c3-4a05-bb7a-c69e35e56496"><Name>Perro chocolo</Name><TitleCount>2</TitleCount><Titles resultCount="2"><Title id="crid:~~2F~~2Fschange.com~~2Fwww.otros.com~~2FTTLE4440012300005170"><Name>Perro Chocolo Aprende HD</Name></Title><Title id="crid:~~2F~~2Fschange.com~~2Fwww.otros.com~~2FTTLE4440012300005171"><Name>Perro Chocolo Aprende</Name></Title></Titles></Category><Category id="crid:~~2F~~2Fschange.com~~2Fdb844afe-df67-435e-8970-29b42d4f7db5"><Name>Minibeat Power Rockers</Name><TitleCount>0</TitleCount></Category><Category id="crid:~~2F~~2Fschange.com~~2Fa755618f-4cdb-439d-9926-3bbe69d294c6"><Name>31 Minutos</Name><TitleCount>0</TitleCount></Category></ChildCategories><TitleCount>7</TitleCount><Titles resultCount="7"><Title id="crid:~~2F~~2Fschange.com~~2Fwww.Fabula.com~~2FTTLE0020193130500201"><Name>Mazapan Animado T01 EP01 HD</Name></Title><Title id="crid:~~2F~~2Fschange.com~~2Fwww.Fabula.com~~2FVTLE0020193130500201"><Name>Mazapan Animado T01 EP01 </Name></Title><Title id="crid:~~2F~~2Fschange.com~~2Fwww.Leader Music.cl~~2FTITL0201910002150020"><Name>Las Canciones del Zoo 3 HD</Name></Title><Title id="crid:~~2F~~2Fschange.com~~2Fwww.Leader Music.cl~~2FTITL0201910002150021"><Name>Las Canciones del Zoo 3</Name></Title><Title id="crid:~~2F~~2Fschange.com~~2Fwww.otros.com~~2FTTLE4440012300005176"><Name>Los Cuentos Clasicos del Perro Chocolo HD</Name></Title><Title id="crid:~~2F~~2Fschange.com~~2Fwww.otros.com~~2FTTLE4440012300005177"><Name>Los Cuentos Clasicos del Perro Chocolo</Name></Title><Title id="crid:~~2F~~2Fschange.com~~2Fwww.tvn.com~~2FTTLE0002018000140055"><Name>31 Minutos T01 EP01</Name></Title></Titles></Category><Category id="crid:~~2F~~2Fschange.com~~2F4a9af85c-c380-48d5-8b25-6fb30f662b4b"><Name>Los más populares</Name><TitleCount>0</TitleCount></Category><Category id="crid:~~2F~~2Fschange.com~~2F93797eb7-ad89-4cae-9978-c53ecc9e5bf7"><Name>Canales TV</Name><ChildCategories resultCount="5"><Category id="crid:~~2F~~2Fschange.com~~2F2084ef06-4eac-4666-9ced-7fdaa7d609d8"><Name>Cartoon Network</Name><ChildCategories resultCount="1"><Category id="crid:~~2F~~2Fschange.com~~2F6610ad33-f7f7-4bae-87bb-eb7633660ed0"><Name>Destacamos</Name><TitleCount>5</TitleCount><Titles resultCount="5"><Title id="crid:~~2F~~2Fschange.com~~2FCartoon Network~~2FVTRB0101000000294824"><Name>Steven Universe T05 EP147</Name></Title><Title id="crid:~~2F~~2Fschange.com~~2FCartoon Network~~2FVTRB0101000000299233"><Name>Las Chicas Superpoderosas T03 EP208</Name></Title><Title id="crid:~~2F~~2Fschange.com~~2FCartoon Network~~2FVTRB0101000000299895"><Name>Transformers Cyberverse T02 EP18</Name></Title><Title id="crid:~~2F~~2Fschange.com~~2FCartoon Network~~2FVTRB0101000000299903"><Name>Manzana y Cebollin T02 EP18</Name></Title><Title id="crid:~~2F~~2Fschange.com~~2FCartoon Network~~2FVTRB0101000000299907"><Name>Mao Mao Heroes de Puro Corazon T01 EP119</Name></Title></Titles></Category></ChildCategories><TitleCount>0</TitleCount></Category><Category id="crid:~~2F~~2Fschange.com~~2Fce0b4a42-ec8c-4d18-9dba-ce9fbcb3ef83"><Name>Discovery Kids</Name><ChildCategories resultCount="1"><Category id="crid:~~2F~~2Fschange.com~~2F850781e6-249c-4b89-8173-6d05921cdc72"><Name>Destacamos</Name><TitleCount>10</TitleCount><Titles resultCount="10"><Title id="crid:~~2F~~2Fschange.com~~2FDiscovery~~2FDISC2000000000131872"><Name>El zoo de Zu T01 EP01</Name></Title><Title id="crid:~~2F~~2Fschange.com~~2FDiscovery~~2FDISC2000000000134793"><Name>Hi-5 Fiesta T02 EP25</Name></Title><Title id="crid:~~2F~~2Fschange.com~~2FDiscovery~~2FDISC2000000000137201"><Name>Supertiernos T01 EP01</Name></Title><Title id="crid:~~2F~~2Fschange.com~~2FDiscovery~~2FDISC2000000000156734"><Name>El zoo de Zu T02 EP02</Name></Title><Title id="crid:~~2F~~2Fschange.com~~2FDiscovery~~2FDISC2000000000158983"><Name>Doki T04 EP37</Name></Title><Title id="crid:~~2F~~2Fschange.com~~2FDiscovery~~2FDISC2000000000163664"><Name>Mini Beat Power Rockers T01 EP01</Name></Title><Title id="crid:~~2F~~2Fschange.com~~2FDiscovery~~2FDISC2000000000172743"><Name>Mi perro Pat T01 EP20</Name></Title><Title id="crid:~~2F~~2Fschange.com~~2FDiscovery~~2FDISC2000000000896965"><Name>Artzooka! T01 EP01</Name></Title><Title id="crid:~~2F~~2Fschange.com~~2FDiscovery~~2FDISC2000000000929836"><Name>Peppa T01 EP01</Name></Title><Title id="crid:~~2F~~2Fschange.com~~2FDiscovery~~2FDISC2000000000941571"><Name>Veloz Mente T03 EP01</Name></Title></Titles></Category></ChildCategories><TitleCount>0</TitleCount></Category><Category id="crid:~~2F~~2Fschange.com~~2F1d33042d-10cb-4a79-a135-63871a67e3a4"><Name>Nickelodeon</Name><ChildCategories resultCount="1"><Category id="crid:~~2F~~2Fschange.com~~2F1ceeca6c-1527-4411-bc99-b8286bddf248"><Name>Destacamos</Name><TitleCount>4</TitleCount><Titles resultCount="4"><Title id="crid:~~2F~~2Fschange.com~~2Fviacom.com~~2FVIMN0000000001074987"><Name>Breadwinners T01 EP02</Name></Title><Title id="crid:~~2F~~2Fschange.com~~2Fviacom.com~~2FVIMN0000000001125087"><Name>Bob Esponja T09 EP01</Name></Title><Title id="crid:~~2F~~2Fschange.com~~2Fviacom.com~~2FVIMN0000000001182222"><Name>I Am Frankie T01 EP01</Name></Title><Title id="crid:~~2F~~2Fschange.com~~2Fviacom.com~~2FVIMT0000000001221810"><Name>Rise of the Teenage Mutant Ninja Turtle T01 EP21</Name></Title></Titles></Category></ChildCategories><TitleCount>0</TitleCount></Category><Category id="crid:~~2F~~2Fschange.com~~2F3531753c-3f57-4eac-abad-c4a181098d0a"><Name>Nat Geo Kids</Name><ChildCategories resultCount="1"><Category id="crid:~~2F~~2Fschange.com~~2Fd7667cb1-9780-49fb-a23e-4baef116593e"><Name>Destacamos</Name><TitleCount>5</TitleCount><Titles resultCount="5"><Title id="crid:~~2F~~2Fschange.com~~2Fwww.foxplay.com~~2FTITL2118122721112121"><Name>The Owl y Co T01 EP18_</Name></Title><Title id="crid:~~2F~~2Fschange.com~~2Fwww.foxplay.com~~2FTITL2118122721135113"><Name>The Owl y Co T01 EP18 HD_</Name></Title><Title id="crid:~~2F~~2Fschange.com~~2Fwww.foxplay.com~~2FTITL2119011014150686"><Name>The Owl y Co T01 EP26_</Name></Title><Title id="crid:~~2F~~2Fschange.com~~2Fwww.foxplay.com~~2FTITL2119011519294273"><Name>The Owl y Co T01 EP27 HD_</Name></Title><Title id="crid:~~2F~~2Fschange.com~~2Fwww.foxplay.com~~2FTITL2119012923123806"><Name>Exploradores Espaciales T01 EP01_</Name></Title></Titles></Category></ChildCategories><TitleCount>0</TitleCount></Category><Category id="crid:~~2F~~2Fschange.com~~2F89ae7811-b62c-4b20-96a2-9475420eaebd"><Name>Disney</Name><ChildCategories resultCount="1"><Category id="crid:~~2F~~2Fschange.com~~2Fc849feb8-1323-48fd-adfe-c2107d7241ec"><Name>Destacamos</Name><TitleCount>3</TitleCount><Titles resultCount="3"><Title id="crid:~~2F~~2Fschange.com~~2Fwww.vubiquity.com~~2FPAID0000000000817830"><Name>Pijama Party T01 EP10</Name></Title><Title id="crid:~~2F~~2Fschange.com~~2Fwww.vubiquity.com~~2FPAID0000000001025333"><Name>Junior Express T02 EP31</Name></Title><Title id="crid:~~2F~~2Fschange.com~~2Fwww.vubiquity.com~~2FcAID0000000000961391"><Name>Jungle Nest T01 EP05</Name></Title></Titles></Category></ChildCategories><TitleCount>0</TitleCount></Category></ChildCategories><TitleCount>0</TitleCount></Category><Category id="crid:~~2F~~2Fschange.com~~2Fa96c9447-2bb0-4ec4-9539-268d2819f7fa"><Name>Familiar</Name><TitleCount>74</TitleCount><Titles resultCount="74"><Title id="crid:~~2F~~2Fschange.com~~2Fhbo-la.tv~~2FHBVD2236010479013002"><Name>Ralph El Demoledor</Name></Title><Title id="crid:~~2F~~2Fschange.com~~2Fhbo-la.tv~~2FHBVI0811964930030002"><Name>102 Dálmatas HD</Name></Title><Title id="crid:~~2F~~2Fschange.com~~2Fhbo-la.tv~~2FHBVI2069783443710012"><Name>Valiente HD</Name></Title><Title id="crid:~~2F~~2Fschange.com~~2Fhbo-la.tv~~2FHBVr2069783443710012"><Name>Valiente</Name></Title><Title id="crid:~~2F~~2Fschange.com~~2Fhbo-la.tv~~2FHCPT1899404969490002"><Name>Lluvia De Hamburguesas HD</Name></Title><Title id="crid:~~2F~~2Fschange.com~~2Fhbo-la.tv~~2FHTSc7450200478002012"><Name>Pokémon Detective Pikachu</Name></Title><Title id="crid:~~2F~~2Fschange.com~~2Fhbo-la.tv~~2FHTTL6175004508290002"><Name>Hotel Transylvania 3: Monstruos De Vacaciones HD</Name></Title><Title id="crid:~~2F~~2Fschange.com~~2Fhbo-la.tv~~2FHTTL7155524790490002"><Name>El Grinch HD</Name></Title><Title id="crid:~~2F~~2Fschange.com~~2Fhbo-la.tv~~2FHTTL7272954798510002"><Name>Animales Fantasticos: Los Crimenes De Grindelwald HD</Name></Title><Title id="crid:~~2F~~2Fschange.com~~2Fhbo-la.tv~~2FHTTL7450200478002012"><Name>Pokémon Detective Pikachu HD</Name></Title><Title id="crid:~~2F~~2Fschange.com~~2Fhbo-la.tv~~2FHTTL7564870478432012"><Name>La Razón De Estar Contigo: Un Nuevo Viaje HD</Name></Title><Title id="crid:~~2F~~2Fschange.com~~2Fhbo-la.tv~~2FHTTL7571234968520002"><Name>Los Croods HD</Name></Title><Title id="crid:~~2F~~2Fschange.com~~2Fhbo-la.tv~~2FHTTL7571854929420002"><Name>Antz - Hormiguitaz HD</Name></Title><Title id="crid:~~2F~~2Fschange.com~~2Fhbo-la.tv~~2FHTTN7155520389764022"><Name>El Grinch</Name></Title><Title id="crid:~~2F~~2Fschange.com~~2Fhbo-la.tv~~2FHTTP7564870478432012"><Name>La Razón De Estar Contigo: Un Nuevo Viaje</Name></Title><Title id="crid:~~2F~~2Fschange.com~~2Fhbo-la.tv~~2FHTTS7272954798510002"><Name>Animales Fantasticos: Los Crimenes De Grindelwald </Name></Title><Title id="crid:~~2F~~2Fschange.com~~2Fhbo-la.tv~~2FHWBI0812754929940002"><Name>Como Perros Y Gatos HD</Name></Title><Title id="crid:~~2F~~2Fschange.com~~2Fhbo-la.tv~~2FHWBI0835364929580002"><Name>Scooby Doo 2: Monstruos Sueltos HD</Name></Title><Title id="crid:~~2F~~2Fschange.com~~2Fhbo-la.tv~~2FHWBs6175004508290002"><Name>Hotel Transylvania 3: Monstruos De Vacaciones</Name></Title><Title id="crid:~~2F~~2Fschange.com~~2Fhbo-la.tv~~2FVTTL7272844357000002"><Name>¡Jóvenes Titanes En Acción! La Película HD</Name></Title><Title id="crid:~~2F~~2Fschange.com~~2Fhbo-la.tv~~2FfBVI2236010479013002"><Name>Ralph El Demoledor HD</Name></Title><Title id="crid:~~2F~~2Fschange.com~~2Fwww.Disney.com~~2FbAID0000000000868331"><Name>Las crónicas de Narnia - El leon, La bruja y el Ropero HD</Name></Title><Title id="crid:~~2F~~2Fschange.com~~2Fwww.Disney.com~~2FkAID0000000000720845"><Name>Las crónicas de Narnia - El leon, La bruja y el Ropero</Name></Title><Title id="crid:~~2F~~2Fschange.com~~2Fwww.NBCU.com~~2FcITL0201900007770182"><Name>Home No Hay Lugar Como El Hogar HD</Name></Title><Title id="crid:~~2F~~2Fschange.com~~2Fwww.NBCU.com~~2FcITL0201900007770190"><Name>Spirit: El Corcel Indomable</Name></Title><Title id="crid:~~2F~~2Fschange.com~~2Fwww.NBCU.com~~2FcITL0201900007770193"><Name>Pollitos en Fuga</Name></Title><Title id="crid:~~2F~~2Fschange.com~~2Fwww.NBCU.com~~2FcITL0201900007770197"><Name>Los Pingüinos de Madagascar</Name></Title><Title id="crid:~~2F~~2Fschange.com~~2Fwww.NBCU.com~~2FcSTL0201900007770195"><Name>Pollitos en Fuga HD</Name></Title><Title id="crid:~~2F~~2Fschange.com~~2Fwww.NBCU.com~~2FvITL0201900007770183"><Name>Home No Hay Lugar Como El Hogar</Name></Title><Title id="crid:~~2F~~2Fschange.com~~2Fwww.Warner.com~~2FTITL0201900007770862"><Name>Charlie y la Fábrica de Chocolates HD</Name></Title><Title id="crid:~~2F~~2Fschange.com~~2Fwww.Warner.com~~2FTITL0201900007770864"><Name>Charlie y la Fábrica de Chocolates</Name></Title><Title id="crid:~~2F~~2Fschange.com~~2Fwww.disney.com~~2FJAID0100000002020017"><Name>Tarzan HD</Name></Title><Title id="crid:~~2F~~2Fschange.com~~2Fwww.disney.com~~2FJAID0100000002020018"><Name>Tarzan</Name></Title><Title id="crid:~~2F~~2Fschange.com~~2Fwww.disney.com~~2FKAID0000000000467836"><Name>Frozen: Una Aventura Congelada</Name></Title><Title id="crid:~~2F~~2Fschange.com~~2Fwww.disney.com~~2FKAID0000000000467876"><Name>Frozen: Una Aventura Congelada HD</Name></Title><Title id="crid:~~2F~~2Fschange.com~~2Fwww.disney.com~~2FKAID0000000000753296"><Name>Un gran dinosaurio</Name></Title><Title id="crid:~~2F~~2Fschange.com~~2Fwww.disney.com~~2FKAID0000000000753524"><Name>Un gran dinosaurio HD</Name></Title><Title id="crid:~~2F~~2Fschange.com~~2Fwww.disney.com~~2FKAID0000000000768949"><Name>Zootopia</Name></Title><Title id="crid:~~2F~~2Fschange.com~~2Fwww.disney.com~~2FKAID0000000000768990"><Name>Zootopia HD</Name></Title><Title id="crid:~~2F~~2Fschange.com~~2Fwww.disney.com~~2FKAID0100000002020012"><Name>Moana HD</Name></Title><Title id="crid:~~2F~~2Fschange.com~~2Fwww.disney.com~~2FKAID0100000002020013"><Name>Moana</Name></Title><Title id="crid:~~2F~~2Fschange.com~~2Fwww.disney.com~~2FKAID0100000002020015"><Name>Mulan HD</Name></Title><Title id="crid:~~2F~~2Fschange.com~~2Fwww.disney.com~~2FKAID0100000002020016"><Name>Mulan</Name></Title><Title id="crid:~~2F~~2Fschange.com~~2Fwww.disney.com~~2FKAID0100000002020019"><Name>Toy Story HD</Name></Title><Title id="crid:~~2F~~2Fschange.com~~2Fwww.disney.com~~2FKAID0100000002020020"><Name>Toy Story</Name></Title><Title id="crid:~~2F~~2Fschange.com~~2Fwww.disney.com~~2FKAID0100000002020022"><Name>Toy Story 3 HD</Name></Title><Title id="crid:~~2F~~2Fschange.com~~2Fwww.disney.com~~2FKAID0100000002020023"><Name>Toy Story 3</Name></Title><Title id="crid:~~2F~~2Fschange.com~~2Fwww.disney.com~~2FKAID0100000002020026"><Name>Aviones HD</Name></Title><Title id="crid:~~2F~~2Fschange.com~~2Fwww.disney.com~~2FKAID0100000002020027"><Name>Aviones</Name></Title><Title id="crid:~~2F~~2Fschange.com~~2Fwww.disney.com~~2FKAID0100000002020028"><Name>Toy Story 2 HD</Name></Title><Title id="crid:~~2F~~2Fschange.com~~2Fwww.disney.com~~2FKAID0100000002020029"><Name>Toy Story 2</Name></Title><Title id="crid:~~2F~~2Fschange.com~~2Fwww.disney.com~~2FTITL0065238844774430"><Name>Malefica HD</Name></Title><Title id="crid:~~2F~~2Fschange.com~~2Fwww.disney.com~~2FTITL0065238844774431"><Name>Malefica</Name></Title><Title id="crid:~~2F~~2Fschange.com~~2Fwww.disney.com~~2FTITL7759605110236291"><Name>Wall-E HD</Name></Title><Title id="crid:~~2F~~2Fschange.com~~2Fwww.disney.com~~2FTITL7761321485655395"><Name>Lilo y Stitch</Name></Title><Title id="crid:~~2F~~2Fschange.com~~2Fwww.disney.com~~2FTITL7764938534213271"><Name>Wall-E</Name></Title><Title id="crid:~~2F~~2Fschange.com~~2Fwww.disney.com~~2FTITL7784061550928782"><Name>Lilo y Stitch HD</Name></Title><Title id="crid:~~2F~~2Fschange.com~~2Fwww.disney.com~~2FcDID0000000000919014"><Name>La Bella y la Bestia</Name></Title><Title id="crid:~~2F~~2Fschange.com~~2Fwww.disney.com~~2FlAID0100000002020026"><Name>Dumbo 1941 HD</Name></Title><Title id="crid:~~2F~~2Fschange.com~~2Fwww.disney.com~~2FmAID0100000002020026"><Name>Dumbo 1941</Name></Title><Title id="crid:~~2F~~2Fschange.com~~2Fwww.disney.com~~2FvDID0000000000919015"><Name>La Bella y la Bestia HD</Name></Title><Title id="crid:~~2F~~2Fschange.com~~2Fwww.nuevemedia.com~~2FTITL0201900007770092"><Name>Astroboy</Name></Title><Title id="crid:~~2F~~2Fschange.com~~2Fwww.nuevemedia.com~~2FcITL0201900007770168"><Name>Hulk vs Thor y Wolverine HD</Name></Title><Title id="crid:~~2F~~2Fschange.com~~2Fwww.otros.com~~2FTTLE1230012300004789"><Name>El Perro que Salvo las Pascuas HD</Name></Title><Title id="crid:~~2F~~2Fschange.com~~2Fwww.otros.com~~2FTTLE1230012300004790"><Name>El Perro que Salvo las Pascuas</Name></Title><Title id="crid:~~2F~~2Fschange.com~~2Fwww.vubiquity.com~~2FPAID0000000001031835"><Name>Monsters University</Name></Title><Title id="crid:~~2F~~2Fschange.com~~2Fwww.vubiquity.com~~2FPAID0000000001031846"><Name>Monsters Inc.</Name></Title><Title id="crid:~~2F~~2Fschange.com~~2Fwww.vubiquity.com~~2FPAID0000000001031897"><Name>Monsters Inc. HD</Name></Title><Title id="crid:~~2F~~2Fschange.com~~2Fwww.vubiquity.com~~2FPAID0000000001031933"><Name>Los Increíbles</Name></Title><Title id="crid:~~2F~~2Fschange.com~~2Fwww.vubiquity.com~~2FPAID0000000001031937"><Name>Los Increíbles</Name></Title><Title id="crid:~~2F~~2Fschange.com~~2Fwww.vubiquity.com~~2FPAID0000000001032307"><Name>Ratatouille</Name></Title><Title id="crid:~~2F~~2Fschange.com~~2Fwww.vubiquity.com~~2FPAID0000000001032308"><Name>Ratatouille HD</Name></Title><Title id="crid:~~2F~~2Fschange.com~~2Fwww.vubiquity.com~~2FPAID0000000001032309"><Name>Up: Una Aventura de Altura</Name></Title><Title id="crid:~~2F~~2Fschange.com~~2Fwww.vubiquity.com~~2FPAID0000000001032316"><Name>Up: Una Aventura de Altura HD</Name></Title></Titles></Category><Category id="crid:~~2F~~2Fschange.com~~2Fdcb4138e-b011-4209-8ed0-d5512656d4f7"><Name>Preescolar</Name><TitleCount>21</TitleCount><Titles resultCount="21"><Title id="crid:~~2F~~2Fschange.com~~2FLeader Music~~2Flead0000000000546825"><Name>Rondas 3D T01 EP01</Name></Title><Title id="crid:~~2F~~2Fschange.com~~2Fwww.Leader Music.cl~~2FTITL0201910002150010"><Name>Las Canciones Animadas De María Elena Walsh</Name></Title><Title id="crid:~~2F~~2Fschange.com~~2Fwww.Leader Music.cl~~2FTITL0201910002150013"><Name>Las Canciones Animadas de el Reino Infantil</Name></Title><Title id="crid:~~2F~~2Fschange.com~~2Fwww.Leader Music.cl~~2FTITL0201910002150014"><Name>La Familia Blu HD</Name></Title><Title id="crid:~~2F~~2Fschange.com~~2Fwww.Leader Music.cl~~2FTITL0201910002150015"><Name>La Familia Blu</Name></Title><Title id="crid:~~2F~~2Fschange.com~~2Fwww.Leader Music.cl~~2FTITL0201910002150020"><Name>Las Canciones del Zoo 3 HD</Name></Title><Title id="crid:~~2F~~2Fschange.com~~2Fwww.Leader Music.cl~~2FTITL0201910002150021"><Name>Las Canciones del Zoo 3</Name></Title><Title id="crid:~~2F~~2Fschange.com~~2Fwww.Leader Music.cl~~2FsITL0201910002150017"><Name>Canciones de la Granja de Zenon 3</Name></Title><Title id="crid:~~2F~~2Fschange.com~~2Fwww.MANANTIAL.cl~~2FPACK2019112300000440"><Name>Usar Bien La Energia CAH</Name></Title><Title id="crid:~~2F~~2Fschange.com~~2Fwww.Zinkia.com~~2FZTLE0020203130500202"><Name>Pocoyo y los Huevos de Pascua HD</Name></Title><Title id="crid:~~2F~~2Fschange.com~~2Fwww.Zinkia.com~~2FZTLE0020203130500203"><Name>Pocoyo y los Huevos de Pascua</Name></Title><Title id="crid:~~2F~~2Fschange.com~~2Fwww.Zinkia.com~~2FZTLE0020203130500206"><Name>Pocoyo Y La Liga De Los Súper Amigos Extraordinarios HD</Name></Title><Title id="crid:~~2F~~2Fschange.com~~2Fwww.Zinkia.com~~2FZTLE0020203130500207"><Name>Pocoyo Y La Liga De Los Súper Amigos Extraordinarios</Name></Title><Title id="crid:~~2F~~2Fschange.com~~2Fwww.otros.com~~2FTTLE4440012300005170"><Name>Perro Chocolo Aprende HD</Name></Title><Title id="crid:~~2F~~2Fschange.com~~2Fwww.otros.com~~2FTTLE4440012300005171"><Name>Perro Chocolo Aprende</Name></Title><Title id="crid:~~2F~~2Fschange.com~~2Fwww.otros.com~~2FTTLE4440012300005174"><Name>Juguemos en el Campo HD</Name></Title><Title id="crid:~~2F~~2Fschange.com~~2Fwww.otros.com~~2FTTLE4440012300005175"><Name>Juguemos en el Campo</Name></Title><Title id="crid:~~2F~~2Fschange.com~~2Fwww.otros.com~~2FTTLE4440012300005176"><Name>Los Cuentos Clasicos del Perro Chocolo HD</Name></Title><Title id="crid:~~2F~~2Fschange.com~~2Fwww.otros.com~~2FTTLE4440012300005177"><Name>Los Cuentos Clasicos del Perro Chocolo</Name></Title><Title id="crid:~~2F~~2Fschange.com~~2Fwww.otros.com~~2FTTLE4440012300005178"><Name>Uno Dos Tres a Jugar HD</Name></Title><Title id="crid:~~2F~~2Fschange.com~~2Fwww.otros.com~~2FTTLE4440012300005179"><Name>Uno Dos Tres a Jugar</Name></Title></Titles></Category><Category id="crid:~~2F~~2Fschange.com~~2F0b74caa7-3bfd-4989-be0d-67c2429b1ae6"><Name>Infantil</Name><TitleCount>5</TitleCount><Titles resultCount="5"><Title id="crid:~~2F~~2Fschange.com~~2FCartoon Network~~2FVTRB0101000000311740"><Name>Toontubers T01 EP11</Name></Title><Title id="crid:~~2F~~2Fschange.com~~2FCartoon Network~~2FVTRB0101000000312209"><Name>Toontorial T01 EP01</Name></Title><Title id="crid:~~2F~~2Fschange.com~~2FCartoon Network~~2FVTRB0101000000312311"><Name>SCOOBY-DOO en la Isla de los Zombis</Name></Title><Title id="crid:~~2F~~2Fschange.com~~2Fwww.outfit7.com~~2FOFSD2020430761859902"><Name>Cortos Talk Tom T01 EP02</Name></Title><Title id="crid:~~2F~~2Fschange.com~~2Fwww.outfit7.com~~2FOFSE2020430761859902"><Name>Cortos Talk Tom T01 EP02 HD</Name></Title></Titles></Category><Category id="crid:~~2F~~2Fschange.com~~2Fe6c7278d-0b36-41e9-b4d6-3fcbe207e2fa"><Name>Películas</Name><TitleCount>88</TitleCount><Titles resultCount="88"><Title id="crid:~~2F~~2Fschange.com~~2FAplaplac~~2FLICH0000000000000196"><Name>31 Minutos: La Película</Name></Title><Title id="crid:~~2F~~2Fschange.com~~2Fwww.Eone.cl~~2FTITL0000001110000010"><Name>Los Patines Mágicos HD</Name></Title><Title id="crid:~~2F~~2Fschange.com~~2Fwww.Eone.cl~~2FTITL0000001110000011"><Name>Los Patines Mágicos</Name></Title><Title id="crid:~~2F~~2Fschange.com~~2Fwww.LEDA.com~~2FTITL0201900007770116"><Name>Freddy Frogface</Name></Title><Title id="crid:~~2F~~2Fschange.com~~2Fwww.LEDA.com~~2FTITL0201900007770117"><Name>Freddy Frog Face HD</Name></Title><Title id="crid:~~2F~~2Fschange.com~~2Fwww.LEDA.com~~2FTITL0201900007770118"><Name>Jelly T HD</Name></Title><Title id="crid:~~2F~~2Fschange.com~~2Fwww.LEDA.com~~2FTITL0201900007770119"><Name>Jelly T</Name></Title><Title id="crid:~~2F~~2Fschange.com~~2Fwww.LEDA.com~~2FTITL0201900007770120"><Name>Khumba</Name></Title><Title id="crid:~~2F~~2Fschange.com~~2Fwww.LEDA.com~~2FTITL0201900007770121"><Name>Khumba</Name></Title><Title id="crid:~~2F~~2Fschange.com~~2Fwww.LEDA.com~~2FTITL0201900007770122"><Name>Max Steel HD</Name></Title><Title id="crid:~~2F~~2Fschange.com~~2Fwww.LEDA.com~~2FTITL0201900007770123"><Name>Max Steel</Name></Title><Title id="crid:~~2F~~2Fschange.com~~2Fwww.LEDA.com~~2FTITL0201900007770128"><Name>El Perro que Salvo Halloween</Name></Title><Title id="crid:~~2F~~2Fschange.com~~2Fwww.LEDA.com~~2FTITL0201900007770129"><Name>El Perro que Salvo Halloween HD</Name></Title><Title id="crid:~~2F~~2Fschange.com~~2Fwww.LEDA.com~~2FTITL0201900007770136"><Name>Trenk, el Pequeño Caballero</Name></Title><Title id="crid:~~2F~~2Fschange.com~~2Fwww.LEDA.com~~2FTITL0201900007770180"><Name>Capitán Sharky</Name></Title><Title id="crid:~~2F~~2Fschange.com~~2Fwww.LEDA.com~~2FTITL0201900007770181"><Name>Capitan Sharky</Name></Title><Title id="crid:~~2F~~2Fschange.com~~2Fwww.LEDA.com~~2FcITL0201900007770124"><Name>Ooops, El Arca nos Dejo</Name></Title><Title id="crid:~~2F~~2Fschange.com~~2Fwww.LEDA.com~~2FcITL0201900007770125"><Name>Ooops, El Arca nos Dejo HD</Name></Title><Title id="crid:~~2F~~2Fschange.com~~2Fwww.LEDA.com~~2FcITL0201900007770126"><Name>PLODDY</Name></Title><Title id="crid:~~2F~~2Fschange.com~~2Fwww.LEDA.com~~2FcITL0201900007770127"><Name>PLODDY</Name></Title><Title id="crid:~~2F~~2Fschange.com~~2Fwww.LEDA.com~~2FsITL0201900007770115"><Name>Kérity, la casa de los cuentos</Name></Title><Title id="crid:~~2F~~2Fschange.com~~2Fwww.LEDA.com~~2FvITL0201900007770114"><Name>Kérity, la casa de los cuentos HD</Name></Title><Title id="crid:~~2F~~2Fschange.com~~2Fwww.LEDA.com~~2FvITL0201900007770134"><Name>Tommy and the Cool Mule HD</Name></Title><Title id="crid:~~2F~~2Fschange.com~~2Fwww.LEDA.com~~2FvITL0201900007770135"><Name>Tommy and the Cool Mule</Name></Title><Title id="crid:~~2F~~2Fschange.com~~2Fwww.NBCU.com~~2FTITL0201900007770184"><Name>La Gran Aventura LEGO HD</Name></Title><Title id="crid:~~2F~~2Fschange.com~~2Fwww.NBCU.com~~2FTITL0201900007770187"><Name>Shrek</Name></Title><Title id="crid:~~2F~~2Fschange.com~~2Fwww.NBCU.com~~2FTITL0201900007770188"><Name>Turbo HD</Name></Title><Title id="crid:~~2F~~2Fschange.com~~2Fwww.NBCU.com~~2FTITL0201900007770189"><Name>Turbo</Name></Title><Title id="crid:~~2F~~2Fschange.com~~2Fwww.NBCU.com~~2FcITL0201900007770182"><Name>Home No Hay Lugar Como El Hogar HD</Name></Title><Title id="crid:~~2F~~2Fschange.com~~2Fwww.NBCU.com~~2FcITL0201900007770185"><Name>La Gran Aventura LEGO</Name></Title><Title id="crid:~~2F~~2Fschange.com~~2Fwww.NBCU.com~~2FcITL0201900007770186"><Name>Shrek HD</Name></Title><Title id="crid:~~2F~~2Fschange.com~~2Fwww.NBCU.com~~2FcITL0201900007770190"><Name>Spirit: El Corcel Indomable</Name></Title><Title id="crid:~~2F~~2Fschange.com~~2Fwww.NBCU.com~~2FcITL0201900007770191"><Name>Spirit: El Corcel Indomable</Name></Title><Title id="crid:~~2F~~2Fschange.com~~2Fwww.NBCU.com~~2FcITL0201900007770192"><Name>Pollitos en Fuga HD</Name></Title><Title id="crid:~~2F~~2Fschange.com~~2Fwww.NBCU.com~~2FcITL0201900007770193"><Name>Pollitos en Fuga</Name></Title><Title id="crid:~~2F~~2Fschange.com~~2Fwww.NBCU.com~~2FcITL0201900007770196"><Name>Los Pingüinos de Madagascar</Name></Title><Title id="crid:~~2F~~2Fschange.com~~2Fwww.NBCU.com~~2FcITL0201900007770197"><Name>Los Pingüinos de Madagascar</Name></Title><Title id="crid:~~2F~~2Fschange.com~~2Fwww.NBCU.com~~2FvITL0201900007770183"><Name>Home No Hay Lugar Como El Hogar</Name></Title><Title id="crid:~~2F~~2Fschange.com~~2Fwww.NueveMedia.com~~2FcITL0201900007770089"><Name>Mi Pequeño Pony</Name></Title><Title id="crid:~~2F~~2Fschange.com~~2Fwww.NueveMedia.com~~2FvITL0201900007770090"><Name>Mi Pequeño Pony</Name></Title><Title id="crid:~~2F~~2Fschange.com~~2Fwww.disney.com~~2FDITL7715440426756669"><Name>Grandes heroes 6 HD</Name></Title><Title id="crid:~~2F~~2Fschange.com~~2Fwww.disney.com~~2FDITL7748377777657046"><Name>Grandes heroes 6</Name></Title><Title id="crid:~~2F~~2Fschange.com~~2Fwww.disney.com~~2FJAID0100000002020017"><Name>Tarzan HD</Name></Title><Title id="crid:~~2F~~2Fschange.com~~2Fwww.disney.com~~2FJAID0100000002020018"><Name>Tarzan</Name></Title><Title id="crid:~~2F~~2Fschange.com~~2Fwww.disney.com~~2FKAID0000000000467836"><Name>Frozen: Una Aventura Congelada</Name></Title><Title id="crid:~~2F~~2Fschange.com~~2Fwww.disney.com~~2FKAID0000000000467876"><Name>Frozen: Una Aventura Congelada HD</Name></Title><Title id="crid:~~2F~~2Fschange.com~~2Fwww.disney.com~~2FKAID0000000000602040"><Name>La Cenicienta</Name></Title><Title id="crid:~~2F~~2Fschange.com~~2Fwww.disney.com~~2FKAID0000000000602044"><Name>La Cenicienta HD</Name></Title><Title id="crid:~~2F~~2Fschange.com~~2Fwww.disney.com~~2FKAID0000000000753296"><Name>Un gran dinosaurio</Name></Title><Title id="crid:~~2F~~2Fschange.com~~2Fwww.disney.com~~2FKAID0000000000753524"><Name>Un gran dinosaurio HD</Name></Title><Title id="crid:~~2F~~2Fschange.com~~2Fwww.disney.com~~2FKAID0000000000768949"><Name>Zootopia</Name></Title><Title id="crid:~~2F~~2Fschange.com~~2Fwww.disney.com~~2FKAID0000000000768990"><Name>Zootopia HD</Name></Title><Title id="crid:~~2F~~2Fschange.com~~2Fwww.disney.com~~2FKAID0000000001208336"><Name>Los Muppets</Name></Title><Title id="crid:~~2F~~2Fschange.com~~2Fwww.disney.com~~2FKAID0000000001208339"><Name>Los Muppets HD</Name></Title><Title id="crid:~~2F~~2Fschange.com~~2Fwww.disney.com~~2FKAID0100000002020012"><Name>Moana HD</Name></Title><Title id="crid:~~2F~~2Fschange.com~~2Fwww.disney.com~~2FKAID0100000002020013"><Name>Moana</Name></Title><Title id="crid:~~2F~~2Fschange.com~~2Fwww.disney.com~~2FKAID0100000002020015"><Name>Mulan HD</Name></Title><Title id="crid:~~2F~~2Fschange.com~~2Fwww.disney.com~~2FKAID0100000002020016"><Name>Mulan</Name></Title><Title id="crid:~~2F~~2Fschange.com~~2Fwww.disney.com~~2FKAID0100000002020019"><Name>Toy Story HD</Name></Title><Title id="crid:~~2F~~2Fschange.com~~2Fwww.disney.com~~2FKAID0100000002020020"><Name>Toy Story</Name></Title><Title id="crid:~~2F~~2Fschange.com~~2Fwww.disney.com~~2FKAID0100000002020022"><Name>Toy Story 3 HD</Name></Title><Title id="crid:~~2F~~2Fschange.com~~2Fwww.disney.com~~2FKAID0100000002020023"><Name>Toy Story 3</Name></Title><Title id="crid:~~2F~~2Fschange.com~~2Fwww.disney.com~~2FKAID0100000002020026"><Name>Aviones HD</Name></Title><Title id="crid:~~2F~~2Fschange.com~~2Fwww.disney.com~~2FKAID0100000002020027"><Name>Aviones</Name></Title><Title id="crid:~~2F~~2Fschange.com~~2Fwww.disney.com~~2FKAID0100000002020028"><Name>Toy Story 2 HD</Name></Title><Title id="crid:~~2F~~2Fschange.com~~2Fwww.disney.com~~2FKAID0100000002020029"><Name>Toy Story 2</Name></Title><Title id="crid:~~2F~~2Fschange.com~~2Fwww.disney.com~~2FVAID0000000001208363"><Name>Mi amigo el dragón</Name></Title><Title id="crid:~~2F~~2Fschange.com~~2Fwww.disney.com~~2FVAID0000000001208368"><Name>Mi amigo el dragón HD</Name></Title><Title id="crid:~~2F~~2Fschange.com~~2Fwww.nuevemedia.com~~2FTITL0201900007770091"><Name>Astroboy</Name></Title><Title id="crid:~~2F~~2Fschange.com~~2Fwww.nuevemedia.com~~2FTITL0201900007770092"><Name>Astroboy</Name></Title><Title id="crid:~~2F~~2Fschange.com~~2Fwww.otros.com~~2FTTLE1155100000000226"><Name>Dino Time  HD</Name></Title><Title id="crid:~~2F~~2Fschange.com~~2Fwww.otros.com~~2FTTLE1155100000000227"><Name>Dino Time</Name></Title><Title id="crid:~~2F~~2Fschange.com~~2Fwww.otros.com~~2FTTLE1230012300004779"><Name>Minusculos: El valle de las hormigas perdidas HD</Name></Title><Title id="crid:~~2F~~2Fschange.com~~2Fwww.otros.com~~2FTTLE1230012300004780"><Name>Minusculos: El valle de las hormigas perdidas</Name></Title><Title id="crid:~~2F~~2Fschange.com~~2Fwww.otros.com~~2FTTLE1230012300004783"><Name>Otto es un Rinoceronte HD</Name></Title><Title id="crid:~~2F~~2Fschange.com~~2Fwww.otros.com~~2FTTLE1230012300004784"><Name>Otto es un Rinoceronte</Name></Title><Title id="crid:~~2F~~2Fschange.com~~2Fwww.otros.com~~2FTTLE1230012300004789"><Name>El Perro que Salvo las Pascuas HD</Name></Title><Title id="crid:~~2F~~2Fschange.com~~2Fwww.otros.com~~2FTTLE1230012300004790"><Name>El Perro que Salvo las Pascuas</Name></Title><Title id="crid:~~2F~~2Fschange.com~~2Fwww.otros.com~~2FTTLE1230012300004791"><Name>Zambezia HD</Name></Title><Title id="crid:~~2F~~2Fschange.com~~2Fwww.otros.com~~2FTTLE1230012300004792"><Name>Zambezia</Name></Title><Title id="crid:~~2F~~2Fschange.com~~2Fwww.vubiquity.com~~2FPAID0000000001031896"><Name>Los Increíbles HD</Name></Title><Title id="crid:~~2F~~2Fschange.com~~2Fwww.vubiquity.com~~2FPAID0000000001031937"><Name>Los Increíbles</Name></Title><Title id="crid:~~2F~~2Fschange.com~~2Fwww.vubiquity.com~~2FPAID0000000001032307"><Name>Ratatouille</Name></Title><Title id="crid:~~2F~~2Fschange.com~~2Fwww.vubiquity.com~~2FPAID0000000001032308"><Name>Ratatouille HD</Name></Title><Title id="crid:~~2F~~2Fschange.com~~2Fwww.vubiquity.com~~2FPAID0000000001032309"><Name>Up: Una Aventura de Altura</Name></Title><Title id="crid:~~2F~~2Fschange.com~~2Fwww.vubiquity.com~~2FPAID0000000001032316"><Name>Up: Una Aventura de Altura HD</Name></Title><Title id="crid:~~2F~~2Fschange.com~~2Fwww.vubiquity.com~~2FPAID0000000001032509"><Name>Monsters University</Name></Title><Title id="crid:~~2F~~2Fschange.com~~2Fwww.vubiquity.com~~2FPAID0000000001032510"><Name>Monsters University</Name></Title></Titles></Category></ChildCategories><TitleCount>0</TitleCount></Category><Category id="crid:~~2F~~2Fschange.com~~2Ff721cb87-3e65-4d8b-8cd8-e68e5b2a6112"><Name>Mi Lista</Name><TitleCount>0</TitleCount></Category><Category id="crid:~~2F~~2Fschange.com~~2Ffd6edd5b-2ea4-4af5-8926-5c4ef6f14966"><Name>Películas</Name><ChildCategories resultCount="5"><Category id="crid:~~2F~~2Fschange.com~~2F5eec1b63-38cf-4fc9-9d30-87414a761634"><Name>Películas Destacadas</Name><TitleCount>6</TitleCount><Titles resultCount="6"><Title id="crid:~~2F~~2Fschange.com~~2Fwww.NBCU.com~~2FcITL0201900007770182"><Name>Home No Hay Lugar Como El Hogar HD</Name></Title><Title id="crid:~~2F~~2Fschange.com~~2Fwww.NBCU.com~~2FvITL0201900007770183"><Name>Home No Hay Lugar Como El Hogar</Name></Title><Title id="crid:~~2F~~2Fschange.com~~2Fwww.disney.com~~2FKAID0100000002020012"><Name>Moana HD</Name></Title><Title id="crid:~~2F~~2Fschange.com~~2Fwww.disney.com~~2FKAID0100000002020013"><Name>Moana</Name></Title><Title id="crid:~~2F~~2Fschange.com~~2Fwww.disney.com~~2FTITL0065238844774430"><Name>Malefica HD</Name></Title><Title id="crid:~~2F~~2Fschange.com~~2Fwww.disney.com~~2FTITL0065238844774431"><Name>Malefica</Name></Title></Titles></Category><Category id="crid:~~2F~~2Fschange.com~~2F938d07a8-1711-49bb-ba7a-b9f528ad77ef"><Name>Familiar</Name><TitleCount>62</TitleCount><Titles resultCount="62"><Title id="crid:~~2F~~2Fschange.com~~2Fhbo-la.tv~~2FHTSc7450200478002012"><Name>Pokémon Detective Pikachu</Name></Title><Title id="crid:~~2F~~2Fschange.com~~2Fhbo-la.tv~~2FHTTL7155580434539012"><Name>Cómo Entrenar A Tu Dragón 3 HD</Name></Title><Title id="crid:~~2F~~2Fschange.com~~2Fhbo-la.tv~~2FHTTL7450200478002012"><Name>Pokémon Detective Pikachu HD</Name></Title><Title id="crid:~~2F~~2Fschange.com~~2Fhbo-la.tv~~2FHTTs7155580434539012"><Name>Cómo Entrenar A Tu Dragón 3</Name></Title><Title id="crid:~~2F~~2Fschange.com~~2Fwww.Disney.com~~2FbAID0000000000868331"><Name>Las crónicas de Narnia - El leon, La bruja y el Ropero HD</Name></Title><Title id="crid:~~2F~~2Fschange.com~~2Fwww.Disney.com~~2FkAID0000000000720845"><Name>Las crónicas de Narnia - El leon, La bruja y el Ropero</Name></Title><Title id="crid:~~2F~~2Fschange.com~~2Fwww.LEDA.com~~2FcITL0201900007770124"><Name>Ooops, El Arca nos Dejo</Name></Title><Title id="crid:~~2F~~2Fschange.com~~2Fwww.LEDA.com~~2FcITL0201900007770125"><Name>Ooops, El Arca nos Dejo HD</Name></Title><Title id="crid:~~2F~~2Fschange.com~~2Fwww.NBCU.com~~2FTITL0201900007770184"><Name>La Gran Aventura LEGO HD</Name></Title><Title id="crid:~~2F~~2Fschange.com~~2Fwww.NBCU.com~~2FcITL0201900007770182"><Name>Home No Hay Lugar Como El Hogar HD</Name></Title><Title id="crid:~~2F~~2Fschange.com~~2Fwww.NBCU.com~~2FcITL0201900007770185"><Name>La Gran Aventura LEGO</Name></Title><Title id="crid:~~2F~~2Fschange.com~~2Fwww.NBCU.com~~2FcITL0201900007770190"><Name>Spirit: El Corcel Indomable</Name></Title><Title id="crid:~~2F~~2Fschange.com~~2Fwww.NBCU.com~~2FcITL0201900007770191"><Name>Spirit: El Corcel Indomable</Name></Title><Title id="crid:~~2F~~2Fschange.com~~2Fwww.NBCU.com~~2FcITL0201900007770193"><Name>Pollitos en Fuga</Name></Title><Title id="crid:~~2F~~2Fschange.com~~2Fwww.NBCU.com~~2FcITL0201900007770196"><Name>Los Pingüinos de Madagascar</Name></Title><Title id="crid:~~2F~~2Fschange.com~~2Fwww.NBCU.com~~2FcITL0201900007770197"><Name>Los Pingüinos de Madagascar</Name></Title><Title id="crid:~~2F~~2Fschange.com~~2Fwww.NBCU.com~~2FcSTL0201900007770195"><Name>Pollitos en Fuga HD</Name></Title><Title id="crid:~~2F~~2Fschange.com~~2Fwww.NBCU.com~~2FvITL0201900007770183"><Name>Home No Hay Lugar Como El Hogar</Name></Title><Title id="crid:~~2F~~2Fschange.com~~2Fwww.Warner.com~~2FTITL0201900007770862"><Name>Charlie y la Fábrica de Chocolates HD</Name></Title><Title id="crid:~~2F~~2Fschange.com~~2Fwww.Warner.com~~2FTITL0201900007770864"><Name>Charlie y la Fábrica de Chocolates</Name></Title><Title id="crid:~~2F~~2Fschange.com~~2Fwww.disney.com~~2FDITL7715440426756669"><Name>Grandes heroes 6 HD</Name></Title><Title id="crid:~~2F~~2Fschange.com~~2Fwww.disney.com~~2FDITL7748377777657046"><Name>Grandes heroes 6</Name></Title><Title id="crid:~~2F~~2Fschange.com~~2Fwww.disney.com~~2FJAID0100000002020017"><Name>Tarzan HD</Name></Title><Title id="crid:~~2F~~2Fschange.com~~2Fwww.disney.com~~2FJAID0100000002020018"><Name>Tarzan</Name></Title><Title id="crid:~~2F~~2Fschange.com~~2Fwww.disney.com~~2FKAID0000000000467836"><Name>Frozen: Una Aventura Congelada</Name></Title><Title id="crid:~~2F~~2Fschange.com~~2Fwww.disney.com~~2FKAID0000000000467876"><Name>Frozen: Una Aventura Congelada HD</Name></Title><Title id="crid:~~2F~~2Fschange.com~~2Fwww.disney.com~~2FKAID0000000000768949"><Name>Zootopia</Name></Title><Title id="crid:~~2F~~2Fschange.com~~2Fwww.disney.com~~2FKAID0000000000768990"><Name>Zootopia HD</Name></Title><Title id="crid:~~2F~~2Fschange.com~~2Fwww.disney.com~~2FKAID0100000002020012"><Name>Moana HD</Name></Title><Title id="crid:~~2F~~2Fschange.com~~2Fwww.disney.com~~2FKAID0100000002020013"><Name>Moana</Name></Title><Title id="crid:~~2F~~2Fschange.com~~2Fwww.disney.com~~2FKAID0100000002020019"><Name>Toy Story HD</Name></Title><Title id="crid:~~2F~~2Fschange.com~~2Fwww.disney.com~~2FKAID0100000002020020"><Name>Toy Story</Name></Title><Title id="crid:~~2F~~2Fschange.com~~2Fwww.disney.com~~2FKAID0100000002020022"><Name>Toy Story 3 HD</Name></Title><Title id="crid:~~2F~~2Fschange.com~~2Fwww.disney.com~~2FKAID0100000002020023"><Name>Toy Story 3</Name></Title><Title id="crid:~~2F~~2Fschange.com~~2Fwww.disney.com~~2FKAID0100000002020028"><Name>Toy Story 2 HD</Name></Title><Title id="crid:~~2F~~2Fschange.com~~2Fwww.disney.com~~2FKAID0100000002020029"><Name>Toy Story 2</Name></Title><Title id="crid:~~2F~~2Fschange.com~~2Fwww.disney.com~~2FNITL7739138452915752"><Name>Alicia en el País de las Maravillas</Name></Title><Title id="crid:~~2F~~2Fschange.com~~2Fwww.disney.com~~2FTITL0065238844774430"><Name>Malefica HD</Name></Title><Title id="crid:~~2F~~2Fschange.com~~2Fwww.disney.com~~2FTITL0065238844774431"><Name>Malefica</Name></Title><Title id="crid:~~2F~~2Fschange.com~~2Fwww.disney.com~~2FTITL7759605110236291"><Name>Wall-E HD</Name></Title><Title id="crid:~~2F~~2Fschange.com~~2Fwww.disney.com~~2FTITL7761321485655395"><Name>Lilo y Stitch</Name></Title><Title id="crid:~~2F~~2Fschange.com~~2Fwww.disney.com~~2FTITL7764938534213271"><Name>Wall-E</Name></Title><Title id="crid:~~2F~~2Fschange.com~~2Fwww.disney.com~~2FTITL7784061550928782"><Name>Lilo y Stitch HD</Name></Title><Title id="crid:~~2F~~2Fschange.com~~2Fwww.disney.com~~2FrITL7710233590592143"><Name>Bolt</Name></Title><Title id="crid:~~2F~~2Fschange.com~~2Fwww.disney.com~~2FrITL7773056187462763"><Name>Bolt</Name></Title><Title id="crid:~~2F~~2Fschange.com~~2Fwww.nuevemedia.com~~2FTITL0201900007770091"><Name>Astroboy</Name></Title><Title id="crid:~~2F~~2Fschange.com~~2Fwww.nuevemedia.com~~2FTITL0201900007770092"><Name>Astroboy</Name></Title><Title id="crid:~~2F~~2Fschange.com~~2Fwww.nuevemedia.com~~2FcITL0201900007770168"><Name>Hulk vs Thor y Wolverine HD</Name></Title><Title id="crid:~~2F~~2Fschange.com~~2Fwww.otros.com~~2FTTLE1230012300004779"><Name>Minusculos: El valle de las hormigas perdidas HD</Name></Title><Title id="crid:~~2F~~2Fschange.com~~2Fwww.otros.com~~2FTTLE1230012300004780"><Name>Minusculos: El valle de las hormigas perdidas</Name></Title><Title id="crid:~~2F~~2Fschange.com~~2Fwww.vubiquity.com~~2FPAID0000000001031836"><Name>Valiente</Name></Title><Title id="crid:~~2F~~2Fschange.com~~2Fwww.vubiquity.com~~2FPAID0000000001031846"><Name>Monsters Inc.</Name></Title><Title id="crid:~~2F~~2Fschange.com~~2Fwww.vubiquity.com~~2FPAID0000000001031892"><Name>Valiente HD</Name></Title><Title id="crid:~~2F~~2Fschange.com~~2Fwww.vubiquity.com~~2FPAID0000000001031897"><Name>Monsters Inc. HD</Name></Title><Title id="crid:~~2F~~2Fschange.com~~2Fwww.vubiquity.com~~2FPAID0000000001031933"><Name>Los Increíbles</Name></Title><Title id="crid:~~2F~~2Fschange.com~~2Fwww.vubiquity.com~~2FPAID0000000001031937"><Name>Los Increíbles</Name></Title><Title id="crid:~~2F~~2Fschange.com~~2Fwww.vubiquity.com~~2FPAID0000000001032307"><Name>Ratatouille</Name></Title><Title id="crid:~~2F~~2Fschange.com~~2Fwww.vubiquity.com~~2FPAID0000000001032308"><Name>Ratatouille HD</Name></Title><Title id="crid:~~2F~~2Fschange.com~~2Fwww.vubiquity.com~~2FPAID0000000001032309"><Name>Up: Una Aventura de Altura</Name></Title><Title id="crid:~~2F~~2Fschange.com~~2Fwww.vubiquity.com~~2FPAID0000000001032316"><Name>Up: Una Aventura de Altura HD</Name></Title><Title id="crid:~~2F~~2Fschange.com~~2Fwww.vubiquity.com~~2FPAID0000000001032509"><Name>Monsters University</Name></Title><Title id="crid:~~2F~~2Fschange.com~~2Fwww.vubiquity.com~~2FPAID0000000001032510"><Name>Monsters University</Name></Title></Titles></Category><Category id="crid:~~2F~~2Fschange.com~~2F2dad55ed-8869-4d8d-b550-d02ad67b112a"><Name>Aventura</Name><TitleCount>59</TitleCount><Titles resultCount="59"><Title id="crid:~~2F~~2Fschange.com~~2Fwww.Eone.cl~~2FTITL0000001110000010"><Name>Los Patines Mágicos HD</Name></Title><Title id="crid:~~2F~~2Fschange.com~~2Fwww.Eone.cl~~2FTITL0000001110000011"><Name>Los Patines Mágicos</Name></Title><Title id="crid:~~2F~~2Fschange.com~~2Fwww.LEDA.com~~2FTITL0201900007770120"><Name>Khumba</Name></Title><Title id="crid:~~2F~~2Fschange.com~~2Fwww.LEDA.com~~2FTITL0201900007770121"><Name>Khumba</Name></Title><Title id="crid:~~2F~~2Fschange.com~~2Fwww.LEDA.com~~2FTITL0201900007770122"><Name>Max Steel HD</Name></Title><Title id="crid:~~2F~~2Fschange.com~~2Fwww.LEDA.com~~2FTITL0201900007770123"><Name>Max Steel</Name></Title><Title id="crid:~~2F~~2Fschange.com~~2Fwww.LEDA.com~~2FTITL0201900007770128"><Name>El Perro que Salvo Halloween</Name></Title><Title id="crid:~~2F~~2Fschange.com~~2Fwww.LEDA.com~~2FTITL0201900007770129"><Name>El Perro que Salvo Halloween HD</Name></Title><Title id="crid:~~2F~~2Fschange.com~~2Fwww.LEDA.com~~2FTITL0201900007770180"><Name>Capitán Sharky</Name></Title><Title id="crid:~~2F~~2Fschange.com~~2Fwww.LEDA.com~~2FTITL0201900007770181"><Name>Capitan Sharky</Name></Title><Title id="crid:~~2F~~2Fschange.com~~2Fwww.LEDA.com~~2FcITL0201900007770124"><Name>Ooops, El Arca nos Dejo</Name></Title><Title id="crid:~~2F~~2Fschange.com~~2Fwww.LEDA.com~~2FcITL0201900007770125"><Name>Ooops, El Arca nos Dejo HD</Name></Title><Title id="crid:~~2F~~2Fschange.com~~2Fwww.LEDA.com~~2FsITL0201900007770115"><Name>Kérity, la casa de los cuentos</Name></Title><Title id="crid:~~2F~~2Fschange.com~~2Fwww.LEDA.com~~2FvITL0201900007770114"><Name>Kérity, la casa de los cuentos HD</Name></Title><Title id="crid:~~2F~~2Fschange.com~~2Fwww.NBCU.com~~2FTITL0201900007770184"><Name>La Gran Aventura LEGO HD</Name></Title><Title id="crid:~~2F~~2Fschange.com~~2Fwww.NBCU.com~~2FTITL0201900007770187"><Name>Shrek</Name></Title><Title id="crid:~~2F~~2Fschange.com~~2Fwww.NBCU.com~~2FcITL0201900007770185"><Name>La Gran Aventura LEGO</Name></Title><Title id="crid:~~2F~~2Fschange.com~~2Fwww.NBCU.com~~2FcITL0201900007770186"><Name>Shrek HD</Name></Title><Title id="crid:~~2F~~2Fschange.com~~2Fwww.NBCU.com~~2FcITL0201900007770190"><Name>Spirit: El Corcel Indomable</Name></Title><Title id="crid:~~2F~~2Fschange.com~~2Fwww.NBCU.com~~2FcITL0201900007770191"><Name>Spirit: El Corcel Indomable</Name></Title><Title id="crid:~~2F~~2Fschange.com~~2Fwww.NBCU.com~~2FcITL0201900007770193"><Name>Pollitos en Fuga</Name></Title><Title id="crid:~~2F~~2Fschange.com~~2Fwww.NBCU.com~~2FcSTL0201900007770195"><Name>Pollitos en Fuga HD</Name></Title><Title id="crid:~~2F~~2Fschange.com~~2Fwww.NueveMedia.com~~2FcITL0201900007770089"><Name>Mi Pequeño Pony</Name></Title><Title id="crid:~~2F~~2Fschange.com~~2Fwww.NueveMedia.com~~2FvITL0201900007770090"><Name>Mi Pequeño Pony</Name></Title><Title id="crid:~~2F~~2Fschange.com~~2Fwww.disney.com~~2FDITL7715440426756669"><Name>Grandes heroes 6 HD</Name></Title><Title id="crid:~~2F~~2Fschange.com~~2Fwww.disney.com~~2FDITL7748377777657046"><Name>Grandes heroes 6</Name></Title><Title id="crid:~~2F~~2Fschange.com~~2Fwww.disney.com~~2FJAID0100000002020017"><Name>Tarzan HD</Name></Title><Title id="crid:~~2F~~2Fschange.com~~2Fwww.disney.com~~2FJAID0100000002020018"><Name>Tarzan</Name></Title><Title id="crid:~~2F~~2Fschange.com~~2Fwww.disney.com~~2FKAID0000000000467836"><Name>Frozen: Una Aventura Congelada</Name></Title><Title id="crid:~~2F~~2Fschange.com~~2Fwww.disney.com~~2FKAID0000000000467876"><Name>Frozen: Una Aventura Congelada HD</Name></Title><Title id="crid:~~2F~~2Fschange.com~~2Fwww.disney.com~~2FKAID0000000000602040"><Name>La Cenicienta</Name></Title><Title id="crid:~~2F~~2Fschange.com~~2Fwww.disney.com~~2FKAID0000000000602044"><Name>La Cenicienta HD</Name></Title><Title id="crid:~~2F~~2Fschange.com~~2Fwww.disney.com~~2FKAID0000000000753296"><Name>Un gran dinosaurio</Name></Title><Title id="crid:~~2F~~2Fschange.com~~2Fwww.disney.com~~2FKAID0000000000753524"><Name>Un gran dinosaurio HD</Name></Title><Title id="crid:~~2F~~2Fschange.com~~2Fwww.disney.com~~2FKAID0000000000768949"><Name>Zootopia</Name></Title><Title id="crid:~~2F~~2Fschange.com~~2Fwww.disney.com~~2FKAID0000000000768990"><Name>Zootopia HD</Name></Title><Title id="crid:~~2F~~2Fschange.com~~2Fwww.disney.com~~2FKAID0100000002020012"><Name>Moana HD</Name></Title><Title id="crid:~~2F~~2Fschange.com~~2Fwww.disney.com~~2FKAID0100000002020013"><Name>Moana</Name></Title><Title id="crid:~~2F~~2Fschange.com~~2Fwww.disney.com~~2FKAID0100000002020015"><Name>Mulan HD</Name></Title><Title id="crid:~~2F~~2Fschange.com~~2Fwww.disney.com~~2FKAID0100000002020016"><Name>Mulan</Name></Title><Title id="crid:~~2F~~2Fschange.com~~2Fwww.disney.com~~2FVAID0000000001208363"><Name>Mi amigo el dragón</Name></Title><Title id="crid:~~2F~~2Fschange.com~~2Fwww.disney.com~~2FVAID0000000001208368"><Name>Mi amigo el dragón HD</Name></Title><Title id="crid:~~2F~~2Fschange.com~~2Fwww.nuevemedia.com~~2FTITL0201900007770091"><Name>Astroboy</Name></Title><Title id="crid:~~2F~~2Fschange.com~~2Fwww.nuevemedia.com~~2FTITL0201900007770092"><Name>Astroboy</Name></Title><Title id="crid:~~2F~~2Fschange.com~~2Fwww.otros.com~~2FTTLE1155100000000226"><Name>Dino Time  HD</Name></Title><Title id="crid:~~2F~~2Fschange.com~~2Fwww.otros.com~~2FTTLE1155100000000227"><Name>Dino Time</Name></Title><Title id="crid:~~2F~~2Fschange.com~~2Fwww.otros.com~~2FTTLE1230012300004779"><Name>Minusculos: El valle de las hormigas perdidas HD</Name></Title><Title id="crid:~~2F~~2Fschange.com~~2Fwww.otros.com~~2FTTLE1230012300004780"><Name>Minusculos: El valle de las hormigas perdidas</Name></Title><Title id="crid:~~2F~~2Fschange.com~~2Fwww.otros.com~~2FTTLE1230012300004783"><Name>Otto es un Rinoceronte HD</Name></Title><Title id="crid:~~2F~~2Fschange.com~~2Fwww.otros.com~~2FTTLE1230012300004784"><Name>Otto es un Rinoceronte</Name></Title><Title id="crid:~~2F~~2Fschange.com~~2Fwww.otros.com~~2FTTLE1230012300004787"><Name>Rock Dog: El Perro Rockero HDNo Publicar</Name></Title><Title id="crid:~~2F~~2Fschange.com~~2Fwww.otros.com~~2FTTLE1230012300004788"><Name>Rock Dog: El Perro RockeroNo Publicar</Name></Title><Title id="crid:~~2F~~2Fschange.com~~2Fwww.otros.com~~2FTTLE1230012300004789"><Name>El Perro que Salvo las Pascuas HD</Name></Title><Title id="crid:~~2F~~2Fschange.com~~2Fwww.otros.com~~2FTTLE1230012300004790"><Name>El Perro que Salvo las Pascuas</Name></Title><Title id="crid:~~2F~~2Fschange.com~~2Fwww.otros.com~~2FTTLE1230012300004792"><Name>Zambezia</Name></Title><Title id="crid:~~2F~~2Fschange.com~~2Fwww.vubiquity.com~~2FPAID0000000001031933"><Name>Los Increíbles</Name></Title><Title id="crid:~~2F~~2Fschange.com~~2Fwww.vubiquity.com~~2FPAID0000000001031937"><Name>Los Increíbles</Name></Title><Title id="crid:~~2F~~2Fschange.com~~2Fwww.vubiquity.com~~2FPAID0000000001032309"><Name>Up: Una Aventura de Altura</Name></Title><Title id="crid:~~2F~~2Fschange.com~~2Fwww.vubiquity.com~~2FPAID0000000001032316"><Name>Up: Una Aventura de Altura HD</Name></Title></Titles></Category><Category id="crid:~~2F~~2Fschange.com~~2Fa21d9961-3072-40da-8d2f-8f84f4b0b85f"><Name>Comedia</Name><TitleCount>31</TitleCount><Titles resultCount="31"><Title id="crid:~~2F~~2Fschange.com~~2FAplaplac~~2FLICH0000000000000196"><Name>31 Minutos: La Película</Name></Title><Title id="crid:~~2F~~2Fschange.com~~2Fwww.LEDA.com~~2FTITL0201900007770116"><Name>Freddy Frogface</Name></Title><Title id="crid:~~2F~~2Fschange.com~~2Fwww.LEDA.com~~2FTITL0201900007770117"><Name>Freddy Frog Face HD</Name></Title><Title id="crid:~~2F~~2Fschange.com~~2Fwww.LEDA.com~~2FTITL0201900007770118"><Name>Jelly T HD</Name></Title><Title id="crid:~~2F~~2Fschange.com~~2Fwww.LEDA.com~~2FTITL0201900007770119"><Name>Jelly T</Name></Title><Title id="crid:~~2F~~2Fschange.com~~2Fwww.LEDA.com~~2FTITL0201900007770136"><Name>Trenk, el Pequeño Caballero</Name></Title><Title id="crid:~~2F~~2Fschange.com~~2Fwww.LEDA.com~~2FTITL0201900007770137"><Name>Trenk, el Pequeño Caballero SD</Name></Title><Title id="crid:~~2F~~2Fschange.com~~2Fwww.LEDA.com~~2FcITL0201900007770126"><Name>PLODDY</Name></Title><Title id="crid:~~2F~~2Fschange.com~~2Fwww.LEDA.com~~2FcITL0201900007770127"><Name>PLODDY</Name></Title><Title id="crid:~~2F~~2Fschange.com~~2Fwww.LEDA.com~~2FvITL0201900007770134"><Name>Tommy and the Cool Mule HD</Name></Title><Title id="crid:~~2F~~2Fschange.com~~2Fwww.LEDA.com~~2FvITL0201900007770135"><Name>Tommy and the Cool Mule</Name></Title><Title id="crid:~~2F~~2Fschange.com~~2Fwww.NBCU.com~~2FTITL0201900007770188"><Name>Turbo HD</Name></Title><Title id="crid:~~2F~~2Fschange.com~~2Fwww.NBCU.com~~2FTITL0201900007770189"><Name>Turbo</Name></Title><Title id="crid:~~2F~~2Fschange.com~~2Fwww.NBCU.com~~2FcITL0201900007770182"><Name>Home No Hay Lugar Como El Hogar HD</Name></Title><Title id="crid:~~2F~~2Fschange.com~~2Fwww.NBCU.com~~2FcITL0201900007770196"><Name>Los Pingüinos de Madagascar</Name></Title><Title id="crid:~~2F~~2Fschange.com~~2Fwww.NBCU.com~~2FcITL0201900007770197"><Name>Los Pingüinos de Madagascar</Name></Title><Title id="crid:~~2F~~2Fschange.com~~2Fwww.NBCU.com~~2FvITL0201900007770183"><Name>Home No Hay Lugar Como El Hogar</Name></Title><Title id="crid:~~2F~~2Fschange.com~~2Fwww.disney.com~~2FKAID0000000001208336"><Name>Los Muppets</Name></Title><Title id="crid:~~2F~~2Fschange.com~~2Fwww.disney.com~~2FKAID0000000001208339"><Name>Los Muppets HD</Name></Title><Title id="crid:~~2F~~2Fschange.com~~2Fwww.disney.com~~2FKAID0100000002020019"><Name>Toy Story HD</Name></Title><Title id="crid:~~2F~~2Fschange.com~~2Fwww.disney.com~~2FKAID0100000002020020"><Name>Toy Story</Name></Title><Title id="crid:~~2F~~2Fschange.com~~2Fwww.disney.com~~2FKAID0100000002020022"><Name>Toy Story 3 HD</Name></Title><Title id="crid:~~2F~~2Fschange.com~~2Fwww.disney.com~~2FKAID0100000002020023"><Name>Toy Story 3</Name></Title><Title id="crid:~~2F~~2Fschange.com~~2Fwww.disney.com~~2FKAID0100000002020026"><Name>Aviones HD</Name></Title><Title id="crid:~~2F~~2Fschange.com~~2Fwww.disney.com~~2FKAID0100000002020027"><Name>Aviones</Name></Title><Title id="crid:~~2F~~2Fschange.com~~2Fwww.disney.com~~2FKAID0100000002020028"><Name>Toy Story 2 HD</Name></Title><Title id="crid:~~2F~~2Fschange.com~~2Fwww.disney.com~~2FKAID0100000002020029"><Name>Toy Story 2</Name></Title><Title id="crid:~~2F~~2Fschange.com~~2Fwww.vubiquity.com~~2FPAID0000000001032307"><Name>Ratatouille</Name></Title><Title id="crid:~~2F~~2Fschange.com~~2Fwww.vubiquity.com~~2FPAID0000000001032308"><Name>Ratatouille HD</Name></Title><Title id="crid:~~2F~~2Fschange.com~~2Fwww.vubiquity.com~~2FPAID0000000001032509"><Name>Monsters University</Name></Title><Title id="crid:~~2F~~2Fschange.com~~2Fwww.vubiquity.com~~2FPAID0000000001032510"><Name>Monsters University</Name></Title></Titles></Category><Category id="crid:~~2F~~2Fschange.com~~2F27b4ab25-24d1-4b91-a79f-e98775839f47"><Name>Arriendo</Name><TitleCount>48</TitleCount><Titles resultCount="48"><Title id="crid:~~2F~~2Fschange.com~~2Fdmdlimited.com~~2FDMDL0100000004695548"><Name>Bad Cat HD</Name></Title><Title id="crid:~~2F~~2Fschange.com~~2Fdmdlimited.com~~2FDMDL0100100004695548"><Name>Bad Cat</Name></Title><Title id="crid:~~2F~~2Fschange.com~~2Fwww.vubiquity.com~~2FFAID0000000000411911"><Name>Mi villano favorito 2</Name></Title><Title id="crid:~~2F~~2Fschange.com~~2Fwww.vubiquity.com~~2FFAID0000000000411947"><Name>Mi villano favorito 2 HD</Name></Title><Title id="crid:~~2F~~2Fschange.com~~2Fwww.vubiquity.com~~2FFAID0000000000428347"><Name>Mi Villano Favorito</Name></Title><Title id="crid:~~2F~~2Fschange.com~~2Fwww.vubiquity.com~~2FFAID0000000000718615"><Name>Mi Villano Favorito HD</Name></Title><Title id="crid:~~2F~~2Fschange.com~~2Fwww.vubiquity.com~~2FFAID0000000001013885"><Name>Como Entrenar a tu Dragón</Name></Title><Title id="crid:~~2F~~2Fschange.com~~2Fwww.vubiquity.com~~2FFAID0000000001014105"><Name>Como Entrenar a tu Dragón HD</Name></Title><Title id="crid:~~2F~~2Fschange.com~~2Fwww.vubiquity.com~~2FFAID0000000001019513"><Name>Como Entrenar a tu Dragón 2 HD</Name></Title><Title id="crid:~~2F~~2Fschange.com~~2Fwww.vubiquity.com~~2FPAID0000000000394483"><Name>Oz, Un Mundo de Fantasía</Name></Title><Title id="crid:~~2F~~2Fschange.com~~2Fwww.vubiquity.com~~2FPAID0000000000397373"><Name>Rango</Name></Title><Title id="crid:~~2F~~2Fschange.com~~2Fwww.vubiquity.com~~2FPAID0000000000696322"><Name>Minions</Name></Title><Title id="crid:~~2F~~2Fschange.com~~2Fwww.vubiquity.com~~2FPAID0000000000696333"><Name>Minions HD</Name></Title><Title id="crid:~~2F~~2Fschange.com~~2Fwww.vubiquity.com~~2FPAID0000000000708264"><Name>Cars 2</Name></Title><Title id="crid:~~2F~~2Fschange.com~~2Fwww.vubiquity.com~~2FPAID0000000000708285"><Name>Cars 2 HD</Name></Title><Title id="crid:~~2F~~2Fschange.com~~2Fwww.vubiquity.com~~2FPAID0000000000753296"><Name>Un gran dinosaurio</Name></Title><Title id="crid:~~2F~~2Fschange.com~~2Fwww.vubiquity.com~~2FPAID0000000000753524"><Name>Un gran dinosaurio</Name></Title><Title id="crid:~~2F~~2Fschange.com~~2Fwww.vubiquity.com~~2FPAID0000000000821505"><Name>DC Super Hero Girls: Hero of the Year HD</Name></Title><Title id="crid:~~2F~~2Fschange.com~~2Fwww.vubiquity.com~~2FPAID0000000000866423"><Name>La vida secreta de las mascotas</Name></Title><Title id="crid:~~2F~~2Fschange.com~~2Fwww.vubiquity.com~~2FPAID0000000000928579"><Name>Max 2: Héroe de La Casa Blanca</Name></Title><Title id="crid:~~2F~~2Fschange.com~~2Fwww.vubiquity.com~~2FPAID0000000001013889"><Name>Kung Fu Panda 2</Name></Title><Title id="crid:~~2F~~2Fschange.com~~2Fwww.vubiquity.com~~2FPAID0000000001013921"><Name>Shrek 4, Para Siempre HD</Name></Title><Title id="crid:~~2F~~2Fschange.com~~2Fwww.vubiquity.com~~2FPAID0000000001014062"><Name>Shrek 4, Para Siempre</Name></Title><Title id="crid:~~2F~~2Fschange.com~~2Fwww.vubiquity.com~~2FPAID0000000001019475"><Name>Madagascar 3: Los Fugitivos</Name></Title><Title id="crid:~~2F~~2Fschange.com~~2Fwww.vubiquity.com~~2FPAID0000000001036717"><Name>Olé: El viaje de Ferdinand</Name></Title><Title id="crid:~~2F~~2Fschange.com~~2Fwww.vubiquity.com~~2FPAID0000000001036807"><Name>Olé: El viaje de Ferdinand HD</Name></Title><Title id="crid:~~2F~~2Fschange.com~~2Fwww.vubiquity.com~~2FPAID0000000001040401"><Name>El Cavernícola</Name></Title><Title id="crid:~~2F~~2Fschange.com~~2Fwww.vubiquity.com~~2FPAID0000000001040428"><Name>El Cavernícola HD</Name></Title><Title id="crid:~~2F~~2Fschange.com~~2Fwww.vubiquity.com~~2FPAID0000000001074518"><Name>El Origen de los Guardianes</Name></Title><Title id="crid:~~2F~~2Fschange.com~~2Fwww.vubiquity.com~~2FPAID0000000001118909"><Name>Legend of Secret Pass</Name></Title><Title id="crid:~~2F~~2Fschange.com~~2Fwww.vubiquity.com~~2FPAID0000000001118910"><Name>Legend of Secret Pass HD</Name></Title><Title id="crid:~~2F~~2Fschange.com~~2Fwww.vubiquity.com~~2FPAID0000000001145951"><Name>Lino, el gato sin suerte</Name></Title><Title id="crid:~~2F~~2Fschange.com~~2Fwww.vubiquity.com~~2FPAID0000000001145952"><Name>Lino, el gato sin suerte HD</Name></Title><Title id="crid:~~2F~~2Fschange.com~~2Fwww.vubiquity.com~~2FPAID0000000001187271"><Name>Un Jefe en pañales</Name></Title><Title id="crid:~~2F~~2Fschange.com~~2Fwww.vubiquity.com~~2FPAID0000000001205892"><Name>Lego DC: Justice League Attack of the Legion of Doom!</Name></Title><Title id="crid:~~2F~~2Fschange.com~~2Fwww.vubiquity.com~~2FcAID0000000000669023"><Name>Intensa Mente</Name></Title><Title id="crid:~~2F~~2Fschange.com~~2Fwww.vubiquity.com~~2FcAID0000000000669025"><Name>Intensa Mente HD</Name></Title><Title id="crid:~~2F~~2Fschange.com~~2Fwww.vubiquity.com~~2FcAID0000000000682648"><Name>Dragon Ball Z: La resurrección</Name></Title><Title id="crid:~~2F~~2Fschange.com~~2Fwww.vubiquity.com~~2FcAID0000000000682655"><Name>Dragon Ball Z: La resurrección HD</Name></Title><Title id="crid:~~2F~~2Fschange.com~~2Fwww.vubiquity.com~~2FcAID0000000000866660"><Name>La vida secreta de las mascotas HD</Name></Title><Title id="crid:~~2F~~2Fschange.com~~2Fwww.vubiquity.com~~2FcAID0000000001019500"><Name>Como Entrenar a tu Dragón 2</Name></Title><Title id="crid:~~2F~~2Fschange.com~~2Fwww.vubiquity.com~~2FcAID0000000001074586"><Name>El Origen de los Guardianes HD</Name></Title><Title id="crid:~~2F~~2Fschange.com~~2Fwww.vubiquity.com~~2FcAID0000000001208336"><Name>Los Muppets</Name></Title><Title id="crid:~~2F~~2Fschange.com~~2Fwww.vubiquity.com~~2FcAID0000000001208339"><Name>Los Muppets HD</Name></Title><Title id="crid:~~2F~~2Fschange.com~~2Fwww.vubiquity.com~~2FdAID0000000000821464"><Name>Ralph: El Demoledor</Name></Title><Title id="crid:~~2F~~2Fschange.com~~2Fwww.vubiquity.com~~2FdAID0000000000821465"><Name>Frankenweenie</Name></Title><Title id="crid:~~2F~~2Fschange.com~~2Fwww.vubiquity.com~~2FdAID0000000000821540"><Name>Frankenweenie HD</Name></Title><Title id="crid:~~2F~~2Fschange.com~~2Fwww.vubiquity.com~~2FvAID0000000000821539"><Name>Ralph: El Demoledor HD</Name></Title></Titles></Category></ChildCategories><TitleCount>0</TitleCount></Category><Category id="crid:~~2F~~2Fschange.com~~2F08729e3a-1897-4d91-9f00-ee28834438d9"><Name>Series</Name><ChildCategories resultCount="4"><Category id="crid:~~2F~~2Fschange.com~~2Ff43bd234-9a9a-4251-8755-08219920ae7d"><Name>Destacamos esta semana</Name><TitleCount>3</TitleCount><Titles resultCount="3"><Title id="crid:~~2F~~2Fschange.com~~2FDiscovery~~2FDISC2000000000929836"><Name>Peppa T01 EP01</Name></Title><Title id="crid:~~2F~~2Fschange.com~~2Fwww.Leader Music.com~~2FTTLE0020192020200001"><Name>Bichikids T01 EP01 HD</Name></Title><Title id="crid:~~2F~~2Fschange.com~~2Fwww.Leader Music.com~~2FTTLE0020192020300001"><Name>Bichikids T01 EP01</Name></Title></Titles></Category><Category id="crid:~~2F~~2Fschange.com~~2F917d15ed-a4f3-42f8-8920-bb01fc989bd7"><Name>Pre-Escolar</Name><TitleCount>39</TitleCount><Titles resultCount="39"><Title id="crid:~~2F~~2Fschange.com~~2FDiscovery~~2FDISC1200000000286779"><Name>¡Agente Binky al rescate! T01 EP01</Name></Title><Title id="crid:~~2F~~2Fschange.com~~2FDiscovery~~2FDISC2000000000131872"><Name>El zoo de Zu T01 EP01</Name></Title><Title id="crid:~~2F~~2Fschange.com~~2FDiscovery~~2FDISC2000000000137201"><Name>Supertiernos T01 EP01</Name></Title><Title id="crid:~~2F~~2Fschange.com~~2FDiscovery~~2FDISC2000000000154809"><Name>Parque Patati Patata T02 EP01</Name></Title><Title id="crid:~~2F~~2Fschange.com~~2FDiscovery~~2FDISC2000000000156733"><Name>El zoo de Zu T02 EP01</Name></Title><Title id="crid:~~2F~~2Fschange.com~~2FDiscovery~~2FDISC2000000000163664"><Name>Mini Beat Power Rockers T01 EP01</Name></Title><Title id="crid:~~2F~~2Fschange.com~~2FDiscovery~~2FDISC2000000000172743"><Name>Mi perro Pat T01 EP20</Name></Title><Title id="crid:~~2F~~2Fschange.com~~2FDiscovery~~2FDISC2000000000941571"><Name>Veloz Mente T03 EP01</Name></Title><Title id="crid:~~2F~~2Fschange.com~~2Fwww.Eone.cl~~2FDITL2360001000000070"><Name>Ben and Hollys Little Kingdom T01 EP01 HD</Name></Title><Title id="crid:~~2F~~2Fschange.com~~2Fwww.Eone.cl~~2FTITL0000001640000022"><Name>Peppa Pig T03 EP06</Name></Title><Title id="crid:~~2F~~2Fschange.com~~2Fwww.Fabula.com~~2FTTLE0020193130500201"><Name>Mazapan Animado T01 EP01 HD</Name></Title><Title id="crid:~~2F~~2Fschange.com~~2Fwww.Fabula.com~~2FVTLE0020193130500201"><Name>Mazapan Animado T01 EP01 </Name></Title><Title id="crid:~~2F~~2Fschange.com~~2Fwww.Leader Music.com~~2FTTLE0020192020000001"><Name>Paco el Marinero T01 EP01 HD</Name></Title><Title id="crid:~~2F~~2Fschange.com~~2Fwww.Leader Music.com~~2FTTLE0120192020100001"><Name>Paco el Marinero T01 EP01 </Name></Title><Title id="crid:~~2F~~2Fschange.com~~2Fwww.MANANTIAL.cl~~2FPACK1251112300000444"><Name>Cantando Aprendo Hablar T01 EP04</Name></Title><Title id="crid:~~2F~~2Fschange.com~~2Fwww.MANANTIAL.cl~~2FPACK2019112300000340"><Name>Yo Canto Y Juego T01 EP01 HD</Name></Title><Title id="crid:~~2F~~2Fschange.com~~2Fwww.MANANTIAL.cl~~2FPACK2019112300000341"><Name>Yo Canto Y Juego T01 EP01</Name></Title><Title id="crid:~~2F~~2Fschange.com~~2Fwww.MANANTIAL.cl~~2FPACK2019512100000110"><Name>Seleccion CAH T01 EP01 HD</Name></Title><Title id="crid:~~2F~~2Fschange.com~~2Fwww.MANANTIAL.cl~~2FPACK2019512100000111"><Name>Seleccion CAH T01 EP01</Name></Title><Title id="crid:~~2F~~2Fschange.com~~2Fwww.OneAnimation.cl~~2FTITL0201810002130010"><Name>Oddbods T01 EP01 HD</Name></Title><Title id="crid:~~2F~~2Fschange.com~~2Fwww.OneAnimation.cl~~2FTITL0201810002990012"><Name>Oddbods T01 EP02 HD</Name></Title><Title id="crid:~~2F~~2Fschange.com~~2Fwww.foxplay.com~~2FTITL2119010816284082"><Name>Opa Popa Dupa T01 EP01</Name></Title><Title id="crid:~~2F~~2Fschange.com~~2Fwww.foxplay.com~~2FTITL2119010816284271"><Name>Opa Popa Dupa T01 EP01</Name></Title><Title id="crid:~~2F~~2Fschange.com~~2Fwww.foxplay.com~~2FTITL2119012923002428"><Name>Los Fixies T02 EP01 HD_</Name></Title><Title id="crid:~~2F~~2Fschange.com~~2Fwww.foxplay.com~~2FTITL2119012923022719"><Name>Exploradores Espaciales T01 EP01 HD_</Name></Title><Title id="crid:~~2F~~2Fschange.com~~2Fwww.foxplay.com~~2FTITL2119012923123768"><Name>Los Fixies T02 EP01</Name></Title><Title id="crid:~~2F~~2Fschange.com~~2Fwww.foxplay.com~~2FTITL2119012923123806"><Name>Exploradores Espaciales T01 EP01_</Name></Title><Title id="crid:~~2F~~2Fschange.com~~2Fwww.nbcu.cl~~2FTITL0020190700040001"><Name>Jorge el Curioso T07 EP01 HD</Name></Title><Title id="crid:~~2F~~2Fschange.com~~2Fwww.nbcu.cl~~2FTITL0020190700040002"><Name>Jorge el Curioso T07 EP01</Name></Title><Title id="crid:~~2F~~2Fschange.com~~2Fwww.otros.com~~2FTTLE1230012300005177"><Name>Canciones del Perro Chocolo T01 EP08</Name></Title><Title id="crid:~~2F~~2Fschange.com~~2Fwww.otros.com~~2FTTLE1230012300005185"><Name>Cuentos del Perro Chocolo T01 EP07</Name></Title><Title id="crid:~~2F~~2Fschange.com~~2Fwww.otros.com~~2FTTLE1230012300005192"><Name>Recorcholis y Corchito T01 EP07</Name></Title><Title id="crid:~~2F~~2Fschange.com~~2Fwww.vubiquity.com~~2FPAID0000000001025333"><Name>Junior Express T02 EP31</Name></Title><Title id="crid:~~2F~~2Fschange.com~~2Fwww.vubiquity.com~~2FPAID0000000001166567"><Name>Clangers T02 EP01</Name></Title><Title id="crid:~~2F~~2Fschange.com~~2Fwww.vubiquity.com~~2FPAID0000000001169625"><Name>Clangers T02 EP01</Name></Title><Title id="crid:~~2F~~2Fschange.com~~2Fwww.vubiquity.com~~2FbAID0000000000919041"><Name>Hey Duggee T01 EP01</Name></Title><Title id="crid:~~2F~~2Fschange.com~~2Fwww.vubiquity.com~~2FbAID0000000000920568"><Name>Hey Duggee T01 EP01</Name></Title><Title id="crid:~~2F~~2Fschange.com~~2Fwww.vubiquity.com~~2FcAID0000000000919199"><Name>Go Jetters T01 EP01</Name></Title><Title id="crid:~~2F~~2Fschange.com~~2Fwww.vubiquity.com~~2FcAID0000000000920513"><Name>Go Jetters T01 EP01</Name></Title></Titles></Category><Category id="crid:~~2F~~2Fschange.com~~2Fae5f2b5f-5e89-4661-b4df-ba7b10957a05"><Name>Comedias</Name><TitleCount>15</TitleCount><Titles resultCount="15"><Title id="crid:~~2F~~2Fschange.com~~2FCartoon Network~~2FVTRB0101000000294824"><Name>Steven Universe T05 EP147</Name></Title><Title id="crid:~~2F~~2Fschange.com~~2FCartoon Network~~2FVTRB0101000000299903"><Name>Manzana y Cebollin T02 EP18</Name></Title><Title id="crid:~~2F~~2Fschange.com~~2FDiscovery~~2FDISC2000000000896965"><Name>Artzooka! T01 EP01</Name></Title><Title id="crid:~~2F~~2Fschange.com~~2Fviacom.com~~2FVIMN0000000001182222"><Name>I Am Frankie T01 EP01</Name></Title><Title id="crid:~~2F~~2Fschange.com~~2Fwww.nbcu.cl~~2FTITL0020190900080001"><Name>Papaya Bull T01 EP01 HD</Name></Title><Title id="crid:~~2F~~2Fschange.com~~2Fwww.nbcu.cl~~2FTITL0020190900080027"><Name>Papaya Bull T01 EP01</Name></Title><Title id="crid:~~2F~~2Fschange.com~~2Fwww.nbcu.cl~~2FvITL0020190900110001"><Name>Zafari T01 EP01 </Name></Title><Title id="crid:~~2F~~2Fschange.com~~2Fwww.nbcu.cl~~2FxITL0020190900110001"><Name>Zafari T01 EP01 HD</Name></Title><Title id="crid:~~2F~~2Fschange.com~~2Fwww.otros.com~~2FKTLE1230012300005026"><Name>Doraemon T01 EP01 </Name></Title><Title id="crid:~~2F~~2Fschange.com~~2Fwww.otros.com~~2FSTLE1230012300005026"><Name>Doraemon T01 EP01 HD</Name></Title><Title id="crid:~~2F~~2Fschange.com~~2Fwww.otros.com~~2FTTLE1230012300002229"><Name>Vacaciones de Tulio y Patana T01 EP01</Name></Title><Title id="crid:~~2F~~2Fschange.com~~2Fwww.otros.com~~2FTTLE1230012300002231"><Name>Vacaciones de Tulio y Patana T01 EP01 HD</Name></Title><Title id="crid:~~2F~~2Fschange.com~~2Fwww.tvn.com~~2FTTLE0002018000140055"><Name>31 Minutos T01 EP01</Name></Title><Title id="crid:~~2F~~2Fschange.com~~2Fwww.vubiquity.com~~2FPAID0000000000817830"><Name>Pijama Party T01 EP10</Name></Title><Title id="crid:~~2F~~2Fschange.com~~2Fwww.vubiquity.com~~2FcAID0000000000961391"><Name>Jungle Nest T01 EP05</Name></Title></Titles></Category><Category id="crid:~~2F~~2Fschange.com~~2F41bdfbc2-65a9-4b42-960a-20ecc7543a77"><Name>Acción</Name><TitleCount>6</TitleCount><Titles resultCount="6"><Title id="crid:~~2F~~2Fschange.com~~2FCartoon Network~~2FVTRB0101000000299233"><Name>Las Chicas Superpoderosas T03 EP208</Name></Title><Title id="crid:~~2F~~2Fschange.com~~2FCartoon Network~~2FVTRB0101000000299895"><Name>Transformers Cyberverse T02 EP18</Name></Title><Title id="crid:~~2F~~2Fschange.com~~2FCartoon Network~~2FVTRB0101000000299907"><Name>Mao Mao Heroes de Puro Corazon T01 EP119</Name></Title><Title id="crid:~~2F~~2Fschange.com~~2Fviacom.com~~2FVIMT0000000001221810"><Name>Rise of the Teenage Mutant Ninja Turtle T01 EP21</Name></Title><Title id="crid:~~2F~~2Fschange.com~~2Fwww.nbcu.cl~~2FTITL0020190900110001"><Name>Dragones T01 EP01 HD</Name></Title><Title id="crid:~~2F~~2Fschange.com~~2Fwww.nbcu.cl~~2FTITL0020190900110021"><Name>Dragones T01 EP01</Name></Title></Titles></Category></ChildCategories><TitleCount>0</TitleCount></Category><Category id="crid:~~2F~~2Fschange.com~~2Fa6346c36-a574-4a2a-af9b-3475c2a47d47"><Name>Arriendo</Name><ChildCategories resultCount="3"><Category id="crid:~~2F~~2Fschange.com~~2Fc33931a0-921a-4fa2-8103-7e049388c2e3"><Name>Destacamos esta semana</Name><TitleCount>2</TitleCount><Titles resultCount="2"><Title id="crid:~~2F~~2Fschange.com~~2Fwww.vubiquity.com~~2FPAID0000000001225196"><Name>Señor Link</Name></Title><Title id="crid:~~2F~~2Fschange.com~~2Fwww.vubiquity.com~~2FPAID0000000001225247"><Name>Señor Link HD</Name></Title></Titles></Category><Category id="crid:~~2F~~2Fschange.com~~2F0bd67864-f531-481b-bf1f-12963556fc23"><Name>Aventura</Name><TitleCount>23</TitleCount><Titles resultCount="23"><Title id="crid:~~2F~~2Fschange.com~~2Fdmdlimited.com~~2FDMDL0100000004695548"><Name>Bad Cat HD</Name></Title><Title id="crid:~~2F~~2Fschange.com~~2Fdmdlimited.com~~2FDMDL0100100004695548"><Name>Bad Cat</Name></Title><Title id="crid:~~2F~~2Fschange.com~~2Fwww.tvn.cl~~2FTTVN1608120016960721"><Name> CONVENIO VTR AGOSTO</Name></Title><Title id="crid:~~2F~~2Fschange.com~~2Fwww.vubiquity.com~~2FPAID0000000000397373"><Name>Rango</Name></Title><Title id="crid:~~2F~~2Fschange.com~~2Fwww.vubiquity.com~~2FPAID0000000000708264"><Name>Cars 2</Name></Title><Title id="crid:~~2F~~2Fschange.com~~2Fwww.vubiquity.com~~2FPAID0000000000708285"><Name>Cars 2 HD</Name></Title><Title id="crid:~~2F~~2Fschange.com~~2Fwww.vubiquity.com~~2FPAID0000000000814828"><Name>La Leyenda de Tarzán HD</Name></Title><Title id="crid:~~2F~~2Fschange.com~~2Fwww.vubiquity.com~~2FPAID0000000000821505"><Name>DC Super Hero Girls: Hero of the Year HD</Name></Title><Title id="crid:~~2F~~2Fschange.com~~2Fwww.vubiquity.com~~2FPAID0000000000928579"><Name>Max 2: Héroe de La Casa Blanca</Name></Title><Title id="crid:~~2F~~2Fschange.com~~2Fwww.vubiquity.com~~2FPAID0000000001013889"><Name>Kung Fu Panda 2</Name></Title><Title id="crid:~~2F~~2Fschange.com~~2Fwww.vubiquity.com~~2FPAID0000000001013921"><Name>Shrek 4, Para Siempre HD</Name></Title><Title id="crid:~~2F~~2Fschange.com~~2Fwww.vubiquity.com~~2FPAID0000000001014062"><Name>Shrek 4, Para Siempre</Name></Title><Title id="crid:~~2F~~2Fschange.com~~2Fwww.vubiquity.com~~2FPAID0000000001036717"><Name>Olé: El viaje de Ferdinand</Name></Title><Title id="crid:~~2F~~2Fschange.com~~2Fwww.vubiquity.com~~2FPAID0000000001036807"><Name>Olé: El viaje de Ferdinand HD</Name></Title><Title id="crid:~~2F~~2Fschange.com~~2Fwww.vubiquity.com~~2FPAID0000000001118909"><Name>Legend of Secret Pass</Name></Title><Title id="crid:~~2F~~2Fschange.com~~2Fwww.vubiquity.com~~2FPAID0000000001118910"><Name>Legend of Secret Pass HD</Name></Title><Title id="crid:~~2F~~2Fschange.com~~2Fwww.vubiquity.com~~2FPAID0000000001145805"><Name>Nacido para ser rey HD</Name></Title><Title id="crid:~~2F~~2Fschange.com~~2Fwww.vubiquity.com~~2FcAID0000000000682648"><Name>Dragon Ball Z: La resurrección</Name></Title><Title id="crid:~~2F~~2Fschange.com~~2Fwww.vubiquity.com~~2FcAID0000000000682655"><Name>Dragon Ball Z: La resurrección HD</Name></Title><Title id="crid:~~2F~~2Fschange.com~~2Fwww.vubiquity.com~~2FdAID0000000000821464"><Name>Ralph: El Demoledor</Name></Title><Title id="crid:~~2F~~2Fschange.com~~2Fwww.vubiquity.com~~2FdAID0000000000821465"><Name>Frankenweenie</Name></Title><Title id="crid:~~2F~~2Fschange.com~~2Fwww.vubiquity.com~~2FdAID0000000000821540"><Name>Frankenweenie HD</Name></Title><Title id="crid:~~2F~~2Fschange.com~~2Fwww.vubiquity.com~~2FvAID0000000000821539"><Name>Ralph: El Demoledor HD</Name></Title></Titles></Category><Category id="crid:~~2F~~2Fschange.com~~2Fc828d3d1-d9d6-44b7-9d6b-98db7dc04377"><Name>Comedia</Name><TitleCount>13</TitleCount><Titles resultCount="13"><Title id="crid:~~2F~~2Fschange.com~~2Fwww.vubiquity.com~~2FPAID0000000000696322"><Name>Minions</Name></Title><Title id="crid:~~2F~~2Fschange.com~~2Fwww.vubiquity.com~~2FPAID0000000000696333"><Name>Minions HD</Name></Title><Title id="crid:~~2F~~2Fschange.com~~2Fwww.vubiquity.com~~2FPAID0000000000753296"><Name>Un gran dinosaurio</Name></Title><Title id="crid:~~2F~~2Fschange.com~~2Fwww.vubiquity.com~~2FPAID0000000000753524"><Name>Un gran dinosaurio</Name></Title><Title id="crid:~~2F~~2Fschange.com~~2Fwww.vubiquity.com~~2FPAID0000000001040401"><Name>El Cavernícola</Name></Title><Title id="crid:~~2F~~2Fschange.com~~2Fwww.vubiquity.com~~2FPAID0000000001040428"><Name>El Cavernícola HD</Name></Title><Title id="crid:~~2F~~2Fschange.com~~2Fwww.vubiquity.com~~2FPAID0000000001145951"><Name>Lino, el gato sin suerte</Name></Title><Title id="crid:~~2F~~2Fschange.com~~2Fwww.vubiquity.com~~2FPAID0000000001145952"><Name>Lino, el gato sin suerte HD</Name></Title><Title id="crid:~~2F~~2Fschange.com~~2Fwww.vubiquity.com~~2FPAID0000000001187271"><Name>Un Jefe en pañales</Name></Title><Title id="crid:~~2F~~2Fschange.com~~2Fwww.vubiquity.com~~2FcAID0000000000669023"><Name>Intensa Mente</Name></Title><Title id="crid:~~2F~~2Fschange.com~~2Fwww.vubiquity.com~~2FcAID0000000000669025"><Name>Intensa Mente HD</Name></Title><Title id="crid:~~2F~~2Fschange.com~~2Fwww.vubiquity.com~~2FcAID0000000001208336"><Name>Los Muppets</Name></Title><Title id="crid:~~2F~~2Fschange.com~~2Fwww.vubiquity.com~~2FcAID0000000001208339"><Name>Los Muppets HD</Name></Title></Titles></Category></ChildCategories><TitleCount>0</TitleCount></Category><Category id="crid:~~2F~~2Fschange.com~~2Fa20e186d-36c2-49af-b53a-5ed53b148ae2"><Name>Ayuda</Name><ChildCategories resultCount="1"><Category id="crid:~~2F~~2Fschange.com~~2Febc8aa44-96fb-49f0-b901-208f10460527"><Name>Tutoriales</Name><TitleCount>2</TitleCount><Titles resultCount="2"><Title id="crid:~~2F~~2Fschange.com~~2Fwww.otros.com~~2FTILE2019090000877555"><Name>Prueba 0 Pesos</Name></Title><Title id="crid:~~2F~~2Fschange.com~~2Fwww.otros.com~~2FTTLE2019100000877555"><Name>Prueba 1 Peso</Name></Title></Titles></Category></ChildCategories><TitleCount>0</TitleCount></Category></ChildCategories><TitleCount>0</TitleCount></Category>